,Description,Vente,Loc,Date_str,Date_iso,Lot,Img_urls,Auteur,Url_lot,Maison_encheres,Id,Fichiers_img,error
0,"A Dog Tile and Three Floral Tiles,",Modern Design,Marlborough,21 February 2024,2024-02-21,128,"['https://images2.bonhams.com/image?src=Images/live/2023-11/28/189054-244-2.jpg', 'https://images2.bonhams.com/image?src=Images/live/2023-11/28/189054-244-1.jpg']",Longwy,https://www.bonhams.com/auction/29563/lot/128/a-dog-tile-and-three-floral-tiles-priam-longwy-france-c-1900-molded-mark-tile-with-arabesque-and-tile-with-vase-of-lilies-minton-hollins-and-co-stoke-on-trent-c-1880-molded-markers-marks-tile-with-single-flower-unmarked-tiles-8-x-8-frames-9-14-x-9-14-in/,Bonhams,Bonhams_2024-02-21_128,"['Bonhams_2024-02-21_128_01.jpg', 'Bonhams_2024-02-21_128_02.jpg']",
1,"Pair of Longwy Pottery Vases and Stands,",European Décor & Design | Bonhams Skinner,Marlborough,20 April 2023,2023-04-20,1158,"['https://images2.bonhams.com/image?src=Images/live/2023-03/06/186897-3-2.jpg', 'https://images2.bonhams.com/image?src=Images/live/2023-03/06/186897-3-1.jpg']",Longwy,https://www.bonhams.com/auction/28572/lot/1158/pair-of-longwy-pottery-vases-and-stands-france-early-20th-century/,Bonhams,Bonhams_2023-04-20_1158,"['Bonhams_2023-04-20_1158_01.jpg', 'Bonhams_2023-04-20_1158_02.jpg']",
2,A Longwy polychrome enamel decorated earthenware vase,20th Century Furniture and Decorative Arts,Los Angeles,05 October 2006,2006-10-05,2164,['https://images2.bonhams.com/image?src=Images/live/2006-08/17/7297053-1-1.jpg'],Longwy,https://www.bonhams.com/auction/14022/lot/2164/a-longwy-polychrome-enamel-decorated-earthenware-vase/,Bonhams,Bonhams_2006-10-05_2164,['Bonhams_2006-10-05_2164_01.jpg'],
3,"An American Aesthetic brass and Longwy pottery standBradley and Hubbard Manufacturing Company, Meriden, Connecticutcirca 1880",Fine American and European Furniture and Decorative Arts,New York,20 January 2012,2012-01-20,1212,"['https://images2.bonhams.com/image?src=Images/live/2011-11/30/8456503-10-1.jpg', 'https://images2.bonhams.com/image?src=Images/live/2012-01/14/8456503-10-3.JPG', 'https://images2.bonhams.com/image?src=Images/live/2012-01/14/8456503-10-2.JPG']",Longwy,https://www.bonhams.com/auction/19530/lot/1212/an-american-aesthetic-brass-and-longwy-pottery-stand-bradley-and-hubbard-manufacturing-company-meriden-connecticut-circa-1880/,Bonhams,Bonhams_2012-01-20_1212,"['Bonhams_2012-01-20_1212_01.jpg', 'Bonhams_2012-01-20_1212_02.jpg', 'Bonhams_2012-01-20_1212_03.jpg']",
4,"TWO WILLIAM DE MORGAN (1839-1917) FLORAL TILES,",Modern Design,Marlborough,16 October 2024,2024-10-16,40,"['https://images2.bonhams.com/image?src=Images/live/2024-01/16/189054-76-4.jpg', 'https://images2.bonhams.com/image?src=Images/live/2024-01/16/189054-76-3.jpg', 'https://images2.bonhams.com/image?src=Images/live/2024-01/16/189054-76-2.jpg', 'https://images2.bonhams.com/image?src=Images/live/2024-01/16/189054-76-1.jpg']",DeMorgan,https://www.bonhams.com/auction/30260/lot/40/two-william-de-morgan-1839-1917-floral-tiles-england-late-19th-century-single-flower-with-impressed-stamp-merton-abbey-mark-double-carnation-with-impressed-stamp-sands-end-pottery-mark-each-tile-8-x-8-frames-9-12-x-9-12-in/,Bonhams,Bonhams_2024-10-16_40,"['Bonhams_2024-10-16_40_01.jpg', 'Bonhams_2024-10-16_40_02.jpg', 'Bonhams_2024-10-16_40_03.jpg', 'Bonhams_2024-10-16_40_04.jpg']",
5,"TWO WILLIAM DE MORGAN (1839-1917) FLORAL TILES,",Modern Design,Marlborough,16 October 2024,2024-10-16,49,"['https://images2.bonhams.com/image?src=Images/live/2024-01/26/189054-84-3.jpg', 'https://images2.bonhams.com/image?src=Images/live/2024-01/26/189054-84-2.jpg', 'https://images2.bonhams.com/image?src=Images/live/2023-11/13/189054-84-1.jpg']",DeMorgan,https://www.bonhams.com/auction/30260/lot/49/two-william-de-morgan-1839-1917-floral-tiles-england-late-19th-century-impressed-marks-tiles-6-x-6-in-a-common-frame-13-14-x-7-14-in/,Bonhams,Bonhams_2024-10-16_49,"['Bonhams_2024-10-16_49_01.jpg', 'Bonhams_2024-10-16_49_02.jpg', 'Bonhams_2024-10-16_49_03.jpg']",
6,"FOUR-TILE WILLIAM DE MORGAN (1839-1917) ""PERSIAN"" FLORAL PANEL,",Modern Design,Marlborough,16 October 2024,2024-10-16,44,"['https://images2.bonhams.com/image?src=Images/live/2023-11/14/189054-85-3.jpg', 'https://images2.bonhams.com/image?src=Images/live/2023-11/14/189054-85-2.jpg', 'https://images2.bonhams.com/image?src=Images/live/2023-11/14/189054-85-1.jpg']",DeMorgan,https://www.bonhams.com/auction/30260/lot/44/four-tile-william-de-morgan-1839-1917-persian-floral-panel-england-late-19th-century-one-with-impressed-stamp-sands-end-pottery-mark-set-with-ten-period-border-tiles-four-floral-tiles-each-6-x-6-frame-17-x-17-in/,Bonhams,Bonhams_2024-10-16_44,"['Bonhams_2024-10-16_44_01.jpg', 'Bonhams_2024-10-16_44_02.jpg', 'Bonhams_2024-10-16_44_03.jpg']",
7,"TWO WILLIAM DE MORGAN ""PERSIAN"" TILES,",Modern Design Featuring the Pinhas Collection of Daum Glass,Marlborough,08 May 2024,2024-05-08,294,"['https://images2.bonhams.com/image?src=Images/live/2023-11/14/189054-55-4.jpg', 'https://images2.bonhams.com/image?src=Images/live/2023-11/14/189054-55-3.jpg', 'https://images2.bonhams.com/image?src=Images/live/2023-11/14/189054-55-2.jpg', 'https://images2.bonhams.com/image?src=Images/live/2023-11/14/189054-55-1.jpg']",DeMorgan,https://www.bonhams.com/auction/29574/lot/294/two-william-de-morgan-persian-tiles-england-late-19th-century-both-with-impressed-sands-end-pottery-stamp-marks-one-tile-9-x-9-the-other-6-x-9-frames-7-x-10-12-and-10-34-x-11-in/,Bonhams,Bonhams_2024-05-08_294,"['Bonhams_2024-05-08_294_01.jpg', 'Bonhams_2024-05-08_294_02.jpg', 'Bonhams_2024-05-08_294_03.jpg', 'Bonhams_2024-05-08_294_04.jpg']",
8,"TWO WILLIAM DE MORGAN ""CARNATION"" TILES,",Modern Design Featuring the Pinhas Collection of Daum Glass,Marlborough,08 May 2024,2024-05-08,295,"['https://images2.bonhams.com/image?src=Images/live/2023-11/13/189054-64-4.jpg', 'https://images2.bonhams.com/image?src=Images/live/2023-11/13/189054-64-3.jpg', 'https://images2.bonhams.com/image?src=Images/live/2023-11/13/189054-64-2.jpg', 'https://images2.bonhams.com/image?src=Images/live/2023-11/13/189054-64-1.jpg']",DeMorgan,https://www.bonhams.com/auction/29574/lot/295/two-william-de-morgan-carnation-tiles-england-1882-1888-both-with-impressed-stamp-merton-abbey-mark-each-tile-6-x-6-both-frames-8-12-x-8-12-in/,Bonhams,Bonhams_2024-05-08_295,"['Bonhams_2024-05-08_295_01.jpg', 'Bonhams_2024-05-08_295_02.jpg', 'Bonhams_2024-05-08_295_03.jpg', 'Bonhams_2024-05-08_295_04.jpg']",
9,"TWO WILLIAM DE MORGAN ""CARNATION"" TILES,",Modern Design Featuring the Pinhas Collection of Daum Glass,Marlborough,08 May 2024,2024-05-08,293,"['https://images2.bonhams.com/image?src=Images/live/2023-11/13/189054-65-4.jpg', 'https://images2.bonhams.com/image?src=Images/live/2023-11/13/189054-65-3.jpg', 'https://images2.bonhams.com/image?src=Images/live/2023-11/13/189054-65-2.jpg', 'https://images2.bonhams.com/image?src=Images/live/2023-11/13/189054-65-1.jpg']",DeMorgan,https://www.bonhams.com/auction/29574/lot/293/two-william-de-morgan-carnation-tiles-england-late-19thearly-20th-century-on-red-clay-architectural-pottery-co-blanks-with-applied-white-slip-and-painted-decoration-molded-makers-marks-each-tile-6-x-6-frames-7-12-x-7-12-in/,Bonhams,Bonhams_2024-05-08_293,"['Bonhams_2024-05-08_293_01.jpg', 'Bonhams_2024-05-08_293_02.jpg', 'Bonhams_2024-05-08_293_03.jpg', 'Bonhams_2024-05-08_293_04.jpg']",
10,"William De Morgan Persian Tile,",The Helen and David Milling Collection | Bonhams Skinner,Marlborough,19 December 2023,2023-12-19,92,"['https://images2.bonhams.com/image?src=Images/live/2023-11/13/189054-60-3.jpg', 'https://images2.bonhams.com/image?src=Images/live/2023-11/13/189054-60-2.jpg', 'https://images2.bonhams.com/image?src=Images/live/2023-11/13/189054-60-1.jpg']",DeMorgan,https://www.bonhams.com/auction/29539/lot/92/william-de-morgan-persian-tile-england-late-19th-century-indistinct-stamped-mark-tile-6-x-6-framed-7-12-x-7-12-in/,Bonhams,Bonhams_2023-12-19_92,"['Bonhams_2023-12-19_92_01.jpg', 'Bonhams_2023-12-19_92_02.jpg', 'Bonhams_2023-12-19_92_03.jpg']",
11,"William De Morgan Persian Tile Decorated with Foliage,",The Helen and David Milling Collection | Bonhams Skinner,Marlborough,19 December 2023,2023-12-19,71,"['https://images2.bonhams.com/image?src=Images/live/2023-11/13/189054-49-3.jpg', 'https://images2.bonhams.com/image?src=Images/live/2023-11/13/189054-49-2.jpg', 'https://images2.bonhams.com/image?src=Images/live/2023-11/13/189054-49-1.jpg']",DeMorgan,https://www.bonhams.com/auction/29539/lot/71/william-de-morgan-persian-tile-decorated-with-foliage-england-1882-1888-impressed-merton-abbey-stamp-mark-tile-8-x-8-framed-9-14-x-9-14-in/,Bonhams,Bonhams_2023-12-19_71,"['Bonhams_2023-12-19_71_01.jpg', 'Bonhams_2023-12-19_71_02.jpg', 'Bonhams_2023-12-19_71_03.jpg']",
12,"William De Morgan Persian Floral Tile,",The Helen and David Milling Collection | Bonhams Skinner,Marlborough,19 December 2023,2023-12-19,69,"['https://images2.bonhams.com/image?src=Images/live/2023-11/13/189054-52-3.jpg', 'https://images2.bonhams.com/image?src=Images/live/2023-11/13/189054-52-2.jpg', 'https://images2.bonhams.com/image?src=Images/live/2023-11/13/189054-52-1.jpg']",DeMorgan,https://www.bonhams.com/auction/29539/lot/69/william-de-morgan-persian-floral-tile-england-1882-1888-impressed-merton-abbey-stamp-mark-tile-7-12-x-7-12-framed-9-14-x-9-14-in/,Bonhams,Bonhams_2023-12-19_69,"['Bonhams_2023-12-19_69_01.jpg', 'Bonhams_2023-12-19_69_02.jpg', 'Bonhams_2023-12-19_69_03.jpg']",
13,William De Morgan,Ceramic Design from 1860 (Including the Creffield Tile Collection Part 2 and Sally Tuffin),London,26 September 2007,2007-09-26,187,['https://images1.bonhams.com/image?src=Images/live/2007-08/09/7509855-20-1.jpg'],DeMorgan,https://www.bonhams.com/auction/15304/lot/187/william-de-morgan-three-persian-tiles-circa-1885/,Bonhams,Bonhams_2007-09-26_187,['Bonhams_2007-09-26_187_01.jpg'],
14,William De Morgan,Ceramic Design from 1860 (Including the Creffield Tile Collection Part 2 and Sally Tuffin),London,26 September 2007,2007-09-26,189,['https://images1.bonhams.com/image?src=Images/live/2007-08/10/7509855-38-1.jpg'],DeMorgan,https://www.bonhams.com/auction/15304/lot/189/william-de-morgan-two-two-tile-floral-panels-1882-1897/,Bonhams,Bonhams_2007-09-26_189,['Bonhams_2007-09-26_189_01.jpg'],
15,William De Morgan,Ceramic Design 1860-1945 Including The Creffield Collection and The Senft Collection,London,14 March 2007,2007-03-14,314,['https://images1.bonhams.com/image?src=Images/live/2007-01/30/94292685-69-1.jpg'],DeMorgan,https://www.bonhams.com/auction/15302/lot/314/william-de-morgan-a-three-tile-persian-panel-circa-1890/,Bonhams,Bonhams_2007-03-14_314,['Bonhams_2007-03-14_314_01.jpg'],
16,William De Morgan,Ceramic Design 1860-1945 Including The Creffield Collection and The Senft Collection,London,14 March 2007,2007-03-14,306,['https://images1.bonhams.com/image?src=Images/live/2007-01/30/94292685-60-1.jpg'],DeMorgan,https://www.bonhams.com/auction/15302/lot/306/william-de-morgan-a-large-persian-floral-tile-circa-1890/,Bonhams,Bonhams_2007-03-14_306,['Bonhams_2007-03-14_306_01.jpg'],
17,William De Morgan,Ceramic Design 1860-1945 Including The Creffield Collection and The Senft Collection,London,14 March 2007,2007-03-14,309,['https://images1.bonhams.com/image?src=Images/live/2007-01/29/94292685-9-1.jpg'],DeMorgan,https://www.bonhams.com/auction/15302/lot/309/william-de-morgan-a-large-carnation-tile-circa-1885/,Bonhams,Bonhams_2007-03-14_309,['Bonhams_2007-03-14_309_01.jpg'],
18,William De Morgan,Ceramic Design 1860-1945 Including The Creffield Collection and The Senft Collection,London,14 March 2007,2007-03-14,305,['https://images1.bonhams.com/image?src=Images/live/2007-01/30/94292685-61-1.jpg'],DeMorgan,https://www.bonhams.com/auction/15302/lot/305/william-de-morgan-a-large-persian-tile-circa-1890/,Bonhams,Bonhams_2007-03-14_305,['Bonhams_2007-03-14_305_01.jpg'],
19,William De Morgan,Design 1860-1945,London,16 May 2006,2006-05-16,22,['https://images1.bonhams.com/image?src=Images/live/2006-04/10/7227722-1-1.jpg'],DeMorgan,https://www.bonhams.com/auction/14068/lot/22/william-de-morgan-an-isnik-style-tile-panel-circa-1890/,Bonhams,Bonhams_2006-05-16_22,['Bonhams_2006-05-16_22_01.jpg'],
20,"William De Morgan, 1898",Ceramic Design 1860-1945,London,01 March 2005,2005-03-01,34,['https://images1.bonhams.com/image?src=Images/live/2004-12/17/4152668-6-1.jpg'],DeMorgan,https://www.bonhams.com/auction/11920/lot/34/william-de-morgan-1898-cavendish-a-tile/,Bonhams,Bonhams_2005-03-01_34,['Bonhams_2005-03-01_34_01.jpg'],
21,"William de Morgan (British, 1839-1917)",A Modern Antiquarian: The Collection of Graham Slater Part II,London,16 April 2025,2025-04-16,614,"['https://images1.bonhams.com/image?src=Images/live/2025-02/25/25620113-42-4.jpg', 'https://images1.bonhams.com/image?src=Images/live/2025-02/25/25620113-42-5.jpg']",DeMorgan,https://www.bonhams.com/auction/31403/lot/614/william-de-morgan-british-1839-1917-three-tiles-persian-kl-rose-and-carnation-circa-1898-1907/,Bonhams,Bonhams_2025-04-16_614,"['Bonhams_2025-04-16_614_01.jpg', 'Bonhams_2025-04-16_614_02.jpg']",
22,WILLIAM DE MORGAN (1839-1917),Modern Decorative Art + Design: Including The Helen and David Milling Collection,New York,13 December 2023,2023-12-13,11,"['https://images2.bonhams.com/image?src=Images/live/2023-11/08/25407497-28-1.jpg', 'https://images2.bonhams.com/image?src=Images/live/2023-11/08/25407497-28-4.jpg', 'https://images2.bonhams.com/image?src=Images/live/2023-11/08/25407497-28-3.jpg', 'https://images2.bonhams.com/image?src=Images/live/2023-11/08/25407497-28-2.jpg']",DeMorgan,https://www.bonhams.com/auction/28465/lot/11/william-de-morgan-1839-1917-twenty-tile-new-persian-panelcirca-1888-1907colorfully-painted-in-hues-of-green-blue-and-black-in-islamic-style-glazed-earthenware-impressed-w-de-morgan-and-co-sands-end-pottery-mark-on-reverse33-x-26-in-838-x-66cm/,Bonhams,Bonhams_2023-12-13_11,"['Bonhams_2023-12-13_11_01.jpg', 'Bonhams_2023-12-13_11_02.jpg', 'Bonhams_2023-12-13_11_03.jpg', 'Bonhams_2023-12-13_11_04.jpg']",
23,William De Morgan,Ceramic Design from 1860,London,16 March 2011,2011-03-16,31,['https://images1.bonhams.com/image?src=Images/live/2011-01/31/8243454-10-2.jpg'],DeMorgan,https://www.bonhams.com/auction/18778/lot/31/william-de-morgan-a-rare-framed-large-double-carnation-tile-with-border-tiles-circa-1890/,Bonhams,Bonhams_2011-03-16_31,['Bonhams_2011-03-16_31_01.jpg'],
24,William De Morgan,Decorative Arts from 1860,Knightsbridge,01 October 2014,2014-10-01,33,['https://images1.bonhams.com/image?src=Images/live/2014-08/19/94579157-6-1.jpg'],DeMorgan,https://www.bonhams.com/auction/21668/lot/33/william-de-morgan-three-persian-influence-nine-inch-floral-tiles-circa-1890/,Bonhams,Bonhams_2014-10-01_33,['Bonhams_2014-10-01_33_01.jpg'],
25,A Cantagalli Isnik-style vase,"British and European Ceramics, Glass & Asian Art",Vicars Lane,20 March 2012,2012-03-20,186,['https://images1.bonhams.com/image?src=Images/live/2011-07/27/8264543-157-1.jpg'],Cantagalli,https://www.bonhams.com/auction/19884/lot/186/a-cantagalli-isnik-style-vase-circa-1900/,Bonhams,Bonhams_2012-03-20_186,['Bonhams_2012-03-20_186_01.jpg'],
26,A Cantagalli Isnik-Style pottery teapot and Cover,"British and European Ceramics, Glass & Asian Art",Vicars Lane,20 March 2012,2012-03-20,185,['https://images1.bonhams.com/image?src=Images/live/2011-07/29/8264543-129-1.jpg'],Cantagalli,https://www.bonhams.com/auction/19884/lot/185/a-cantagalli-isnik-style-pottery-teapot-and-cover-circa-1900/,Bonhams,Bonhams_2012-03-20_185,['Bonhams_2012-03-20_185_01.jpg'],
27,"A Cantagalli Iznik style pottery Dish, Italy, 19th Century",Islamic and Indian Art,London,06 October 2015,2015-10-06,70,['https://images1.bonhams.com/image?src=Images/live/2015-07/23/94422931-13-1.jpg'],Cantagalli,https://www.bonhams.com/auction/22816/lot/70/a-cantagalli-iznik-style-pottery-dish-italy-19th-century/,Bonhams,Bonhams_2015-10-06_70,['Bonhams_2015-10-06_70_01.jpg'],
28,A pair of Cantagalli Iznik-style tin glazed pottery vases,HOME & Interiors,Edinburgh,10 April 2019,2019-04-10,101,['https://images1.bonhams.com/image?src=Images/live/2018-08/17/94629023-12-1.jpg'],Cantagalli,https://www.bonhams.com/auction/25361/lot/101/a-pair-of-cantagalli-iznik-style-tin-glazed-pottery-vases-late-19thearly-20th-century/,Bonhams,Bonhams_2019-04-10_101,['Bonhams_2019-04-10_101_01.jpg'],
29,"A Cantagalli Iznik 'Damascus' style pottery dish, Italy, 19th Century","Islamic and Indian Art Including The Lion and the Sun, Art from Qajar Persia",London,30 April 2019,2019-04-30,39,"['https://images1.bonhams.com/image?src=Images/live/2019-02/11/94633208-1-1.jpg', 'https://images1.bonhams.com/image?src=Images/live/2019-02/11/94633208-1-2.jpg']",Cantagalli,https://www.bonhams.com/auction/25434/lot/39/a-cantagalli-iznik-damascus-style-pottery-dish-italy-19th-century/,Bonhams,Bonhams_2019-04-30_39,"['Bonhams_2019-04-30_39_01.jpg', 'Bonhams_2019-04-30_39_02.jpg']",
30,"A large Cantagalli Iznik style pottery dish, Italy, 19th Century",Islamic and Indian Art Online Sale,London,13 August 2020,2020-08-13,81,['https://images1.bonhams.com/image?src=Images/live/2020-02/19/24922773-42-3.jpg'],Cantagalli,https://www.bonhams.com/auction/26256/lot/81/a-large-cantagalli-iznik-style-pottery-dish-italy-19th-century/,Bonhams,Bonhams_2020-08-13_81,['Bonhams_2020-08-13_81_01.jpg'],
31,,"The Contents of the Old Rectory, Banningham, Norfolk",,24 March 2004,2004-03-24,1814,['https://images1.bonhams.com/image?src=Images/live/2004-02/23/4141700-1210-1.jpg'],Cantagalli,https://www.bonhams.com/auctions/11166/lot/1814/,Bonhams,Bonhams_2004-03-24_1814,['Bonhams_2004-03-24_1814_01.jpg'],
32,,"The Contents of the Old Rectory, Banningham, Norfolk",,24 March 2004,2004-03-24,1794,['https://images1.bonhams.com/image?src=Images/live/2004-02/19/4141700-1089-1.jpg'],Cantagalli,https://www.bonhams.com/auctions/11166/lot/1794/,Bonhams,Bonhams_2004-03-24_1794,['Bonhams_2004-03-24_1794_01.jpg'],
33,"A Cantagalli Iznik style pottery Jug, Italy, late 19th Century",Islamic & Indian Art,Knightsbridge,15 January 2004,2004-01-15,56,['https://images1.bonhams.com/image?src=Images/live/2003-11/27/4123309-11-1.jpg'],Cantagalli,https://www.bonhams.com/auctions/10541/lot/56/,Bonhams,Bonhams_2004-01-15_56,['Bonhams_2004-01-15_56_01.jpg'],
34,"A large Cantagalli Iznik style pottery Dish, Italy, late 19th Century",Islamic & Indian Art,Knightsbridge,01 May 2003,2003-05-01,449,['https://images1.bonhams.com/image?src=Images/live/2003-04/16/5541934-7-1.jpg'],Cantagalli,https://www.bonhams.com/auction/10185/lot/449/a-large-cantagalli-iznik-style-pottery-dish-italy-late-19th-century/,Bonhams,Bonhams_2003-05-01_449,['Bonhams_2003-05-01_449_01.jpg'],
35,Cantagalli,Ceramic Design from 1860,Knightsbridge,22 September 2011,2011-09-22,234,['https://images1.bonhams.com/image?src=Images/live/2011-07/27/8264543-119-1.jpg'],Cantagalli,https://www.bonhams.com/auction/18933/lot/234/cantagalli-a-large-isnik-style-jug-circa-1900/,Bonhams,Bonhams_2011-09-22_234,['Bonhams_2011-09-22_234_01.jpg'],
36,Cantagalli,Ceramic Design from 1860,Knightsbridge,22 September 2011,2011-09-22,235,['https://images1.bonhams.com/image?src=Images/live/2011-07/27/8264543-134-1.jpg'],Cantagalli,https://www.bonhams.com/auction/18933/lot/235/cantagalli-a-pottery-isnik-style-teapot-and-cover-circa-1900/,Bonhams,Bonhams_2011-09-22_235,['Bonhams_2011-09-22_235_01.jpg'],
37,Cantagalli,Ceramic Design from 1860,Knightsbridge,22 September 2011,2011-09-22,236,['https://images1.bonhams.com/image?src=Images/live/2011-07/29/8264543-67-1.jpg'],Cantagalli,https://www.bonhams.com/auction/18933/lot/236/cantagalli-an-isnik-style-vase-circa-1900/,Bonhams,Bonhams_2011-09-22_236,['Bonhams_2011-09-22_236_01.jpg'],
38,ULISSE CANTAGALLI (1839-1901),The Martin Cohen Collection: Final Chapter,New York,08 October 2020,2020-10-08,180,"['https://images2.bonhams.com/image?src=Images/live/2020-08/26/24997693-19-1.jpg', 'https://images2.bonhams.com/image?src=Images/live/2020-10/01/24997693-19-2.jpg']",Cantagalli,https://www.bonhams.com/auction/26575/lot/180/spanish-hispano-moresque-vasecirca-1890-ceramic-hand-decorated-with-iridescent-glaze-blue-underglaze-mark-of-cockerel-and-92height-18-14in-465cm-width-13in-33cm/,Bonhams,Bonhams_2020-10-08_180,"['Bonhams_2020-10-08_180_01.jpg', 'Bonhams_2020-10-08_180_02.jpg']",
39,,20th Century Decorative Arts including Ceramic Design,Knightsbridge,24 April 2012,2012-04-24,40,['https://images1.bonhams.com/image?src=Images/live/2012-03/30/94399884-8-3.jpg'],Massier,https://www.bonhams.com/auction/20202/lot/40/clement-massier-an-impressive-jardinere-and-stand-in-the-isnik-taste-circa-1900/,Bonhams,Bonhams_2012-04-24_40,['Bonhams_2012-04-24_40_01.jpg'],
40,"Vilmos Zsolnay. Bouteille en céramique dans le style d'Iznik, Hongrie fin XIXe siècle, An Iznik style pottery bottle, Vilmos Zsolnay, Hungary, late 19th Century",Islamic and Indian Art: A Royal Collection,75008 Paris,06 April 2023,2023-04-06,110,"['https://images1.bonhams.com/image?src=Images/live/2023-03/22/25314152-23-3.jpg', 'https://images1.bonhams.com/image?src=Images/live/2023-03/22/25314152-23-2.jpg']",Zsolnay,https://www.bonhams.com/auction/28494/lot/110/vilmos-zsolnay-bouteille-en-ceramique-dans-le-style-diznik-hongrie-fin-xixe-siecle-an-iznik-style-pottery-bottle-vilmos-zsolnay-hungary-late-19th-century/,Bonhams,Bonhams_2023-04-06_110,"['Bonhams_2023-04-06_110_01.jpg', 'Bonhams_2023-04-06_110_02.jpg']",
41,A Zsolnay Pecs luster-glazed earthenware candlestick,Sunset Estate Auction,Los Angeles,18 September 2007,2007-09-18,7289,['https://images2.bonhams.com/image?src=Images/live/2007-07/12/7478545-5-1.JPG'],Zsolnay,https://www.bonhams.com/auction/15390/lot/7289/a-zsolnay-pecs-luster-glazed-earthenware-candlestick/,Bonhams,Bonhams_2007-09-18_7289,['Bonhams_2007-09-18_7289_01.jpg'],
42,A Zsolnay (Pecs) reticulated double-skinned ewer,Collectable Ceramics and Decorative Arts,Vicars Lane,21 August 2006,2006-08-21,394,['https://images1.bonhams.com/image?src=Images/live/2006-07/26/94308123-8-5.jpg'],Zsolnay,https://www.bonhams.com/auction/14076/lot/394/a-zsolnay-pecs-reticulated-double-skinned-ewer/,Bonhams,Bonhams_2006-08-21_394,['Bonhams_2006-08-21_394_01.jpg'],
43,A Zsolnay (Pecs) bottle vase,Collectable Ceramics and Decorative Arts,Vicars Lane,21 August 2006,2006-08-21,389,['https://images1.bonhams.com/image?src=Images/live/2006-07/26/94308466-2-5.jpg'],Zsolnay,https://www.bonhams.com/auction/14076/lot/389/a-zsolnay-pecs-bottle-vase/,Bonhams,Bonhams_2006-08-21_389,['Bonhams_2006-08-21_389_01.jpg'],
44,A Zsolnay (Pecs) reticulated double-skinned bottle vase,Collectable Ceramics and Decorative Arts,Vicars Lane,21 August 2006,2006-08-21,390,['https://images1.bonhams.com/image?src=Images/live/2006-07/26/94308123-123-5.jpg'],Zsolnay,https://www.bonhams.com/auction/14076/lot/390/a-zsolnay-pecs-reticulated-double-skinned-bottle-vase/,Bonhams,Bonhams_2006-08-21_390,['Bonhams_2006-08-21_390_01.jpg'],
45,,European Ceramics and Glass,Knightsbridge,24 May 2006,2006-05-24,354,['https://images1.bonhams.com/image?src=Images/live/2006-01/18/76636-33-1.JPG'],Zsolnay,https://www.bonhams.com/auction/13578/lot/354/a-zsolnay-pecs-gilt-metal-mounted-ewer-late-19th-century/,Bonhams,Bonhams_2006-05-24_354,['Bonhams_2006-05-24_354_01.jpg'],
46,"A Zsolnay Pecs, Hungarian Eastern-style ewer",Selected Art & Antiques,Vicars Lane,21 February 2011,2011-02-21,18,['https://images1.bonhams.com/image?src=Images/live/2010-11/01/94474463-1-1.jpg'],Zsolnay,https://www.bonhams.com/auction/18753/lot/18/a-zsolnay-pecs-hungarian-eastern-style-ewer/,Bonhams,Bonhams_2011-02-21_18,['Bonhams_2011-02-21_18_01.jpg'],
47,A Zsolnay Pecs lamp base,"Decorative Arts including Jewellery, Gordon Russell & Cotswold School Furniture",Knowle,07 June 2011,2011-06-07,395,['https://images1.bonhams.com/image?src=Images/live/2011-02/16/94482592-5-1.JPG'],Zsolnay,https://www.bonhams.com/auction/18846/lot/395/a-zsolnay-pecs-lamp-base/,Bonhams,Bonhams_2011-06-07_395,['Bonhams_2011-06-07_395_01.jpg'],
48,A Zsolnay Pecs glazed earthenware vaselate 19th century,Fine Furniture and Decorative Arts,Los Angeles,13 June 2012,2012-06-13,2392,['https://images2.bonhams.com/image?src=Images/live/2012-05/15/8540343-28-1.jpg'],Zsolnay,https://www.bonhams.com/auction/19999/lot/2392/a-zsolnay-pecs-glazed-earthenware-vase-late-19th-century/,Bonhams,Bonhams_2012-06-13_2392,['Bonhams_2012-06-13_2392_01.jpg'],
49,A Zsolnay Pecs charger,European Ceramics and Glass,Edinburgh,06 June 2013,2013-06-06,415,['https://images1.bonhams.com/image?src=Images/live/2013-05/02/94547435-3-1.jpg'],Zsolnay,https://www.bonhams.com/auction/21177/lot/415/a-zsolnay-pecs-charger-circa-1900/,Bonhams,Bonhams_2013-06-06_415,['Bonhams_2013-06-06_415_01.jpg'],
50,A Zsolnay Pecs luster glazed ceramic bottle form vase,20th Century Decorative Arts,New York,17 December 2010,2010-12-17,4129,['https://images2.bonhams.com/image?src=Images/live/2010-10/19/8194386-10-1.jpg'],Zsolnay,https://www.bonhams.com/auction/18409/lot/4129/a-zsolnay-pecs-luster-glazed-ceramic-bottle-form-vase-circa-1891-1895-shape-3917/,Bonhams,Bonhams_2010-12-17_4129,['Bonhams_2010-12-17_4129_01.jpg'],
51,"A Samson 'Iznik-style' pottery Ship Dish, France, 19th Century",Islamic & Indian Art,London,02 April 2009,2009-04-02,111,['https://images1.bonhams.com/image?src=Images/live/2009-01/20/94433191-4-1.jpg'],Samson,https://www.bonhams.com/auction/16776/lot/111/a-samson-iznik-style-pottery-ship-dish-france-19th-century/,Bonhams,Bonhams_2009-04-02_111,['Bonhams_2009-04-02_111_01.jpg'],
52,"Two Samson pottery Vessels, France, 19th Century",The Jacques Desenfans Collection,London,10 April 2008,2008-04-10,62,"['https://images1.bonhams.com/image?src=Images/live/2008-02/05/7601822-7-5.jpg', 'https://images1.bonhams.com/image?src=Images/live/2008-02/13/7601822-7-6.jpg']",Samson,https://www.bonhams.com/auction/16444/lot/62/two-samson-pottery-vessels-france-19th-century2/,Bonhams,Bonhams_2008-04-10_62,"['Bonhams_2008-04-10_62_01.jpg', 'Bonhams_2008-04-10_62_02.jpg']",
53,"A tall Samson 'Kutahya-style' pottery Ewer, France, 19th Century",Islamic and Indian Art,London,10 April 2008,2008-04-10,259,['https://images1.bonhams.com/image?src=Images/live/2008-02/13/7615524-18-1.jpg'],Samson,https://www.bonhams.com/auction/16221/lot/259/a-tall-samson-kutahya-style-pottery-ewer-france-19th-century/,Bonhams,Bonhams_2008-04-10_259,['Bonhams_2008-04-10_259_01.jpg'],
54,"A large Samson Iznik-style pottery Bowl, France, 19th Century",Islamic and Indian Art,London,25 October 2007,2007-10-25,189,['https://images1.bonhams.com/image?src=Images/live/2007-06/21/94334530-1-1.jpg'],Samson,https://www.bonhams.com/auction/15335/lot/189/a-large-samson-iznik-style-pottery-bowl-france-19th-century/,Bonhams,Bonhams_2007-10-25_189,['Bonhams_2007-10-25_189_01.jpg'],
55,"A pair of large Samson Iznik style pottery Bottles, France, 19th Century",Islamic and Indian Art,London,25 October 2007,2007-10-25,190,['https://images1.bonhams.com/image?src=Images/live/2007-08/17/94342064-1-1.jpg'],Samson,https://www.bonhams.com/auction/15335/lot/190/a-pair-of-large-samson-iznik-style-pottery-bottles-france-19th-century2/,Bonhams,Bonhams_2007-10-25_190,['Bonhams_2007-10-25_190_01.jpg'],
56,"A large Samson Iznik style pottery Ewer, France, late 19th Century",Islamic & Indian Art,London,19 April 2007,2007-04-19,217,['https://images1.bonhams.com/image?src=Images/live/2006-12/11/94289204-1-1.jpg'],Samson,https://www.bonhams.com/auction/15257/lot/217/a-large-samson-iznik-style-pottery-ewer-france-late-19th-century/,Bonhams,Bonhams_2007-04-19_217,['Bonhams_2007-04-19_217_01.jpg'],
57,"A Samson Delft style oval jardiniere, late 19th century",European Ceramics and Glass,Knightsbridge,20 September 2006,2006-09-20,567,['https://images1.bonhams.com/image?src=Images/live/2006-08/23/7289525-11-2.JPG'],Samson,https://www.bonhams.com/auction/13614/lot/567A/a-samson-delft-style-oval-jardiniere-late-19th-century/,Bonhams,Bonhams_2006-09-20_567,['Bonhams_2006-09-20_567_01.jpg'],
58,"A Samson Iznik style pottery ewer, France, 19th Century",Islamic and Indian Art,London,22 May 2025,2025-05-22,57,"['https://images1.bonhams.com/image?src=Images/live/2025-04/02/25675462-10-1.jpg', 'https://images1.bonhams.com/image?src=Images/live/2025-04/02/25675462-10-2.jpg', 'https://images1.bonhams.com/image?src=Images/live/2025-04/17/25675462-10-3.jpg']",Samson,https://www.bonhams.com/auction/30703/lot/57/a-samson-iznik-style-pottery-ewer-france-19th-century/,Bonhams,Bonhams_2025-05-22_57,"['Bonhams_2025-05-22_57_01.jpg', 'Bonhams_2025-05-22_57_02.jpg', 'Bonhams_2025-05-22_57_03.jpg']",
59,"An Iznik ""Fishscale"" composite pottery Jug, Turkey, the base circa 1570, the neck with 19th Century French restoration, probably by Samson",Islamic and Indian Art,London,24 April 2012,2012-04-24,102,['https://images1.bonhams.com/image?src=Images/live/2012-03/05/8513242-18-2.jpg'],Samson,https://www.bonhams.com/auction/19960/lot/102/an-iznik-fishscale-composite-pottery-jug-turkey-the-base-circa-1570-the-neck-with-19th-century-french-restoration-probably-by-samson/,Bonhams,Bonhams_2012-04-24_102,['Bonhams_2012-04-24_102_01.jpg'],
60,A Samson or famille verte baluster vase,Asian Art,Knightsbridge,04 November 2013,2013-11-04,342,['https://images1.bonhams.com/image?src=Images/live/2013-09/17/8835457-1-1.jpg'],Samson,https://www.bonhams.com/auction/20792/lot/342/a-samson-or-famille-verte-baluster-vase-19th-century/,Bonhams,Bonhams_2013-11-04_342,['Bonhams_2013-11-04_342_01.jpg'],
61,"A Samson Iznik style porcelain Covered Bowl, France, late 19th Century",Islamic & Indian Art,Knightsbridge,05 November 2014,2014-11-05,178,"['https://images1.bonhams.com/image?src=Images/live/2023-04/24/8441697-3-2.jpg', 'https://images1.bonhams.com/image?src=Images/live/2023-04/24/8441697-3-3.jpg']",Samson,https://www.bonhams.com/auction/22524/lot/178/a-samson-iznik-style-porcelain-covered-bowl-france-late-19th-century2/,Bonhams,Bonhams_2014-11-05_178,"['Bonhams_2014-11-05_178_01.jpg', 'Bonhams_2014-11-05_178_02.jpg']",
62,"A Samson Iznik style porcelain Flask (surahi) with animal decoration, France, mid 19th Century",Islamic and Indian Art,Knightsbridge,09 June 2015,2015-06-09,253,['https://images1.bonhams.com/image?src=Images/live/2012-07/31/8552514-1-1.jpg'],Samson,https://www.bonhams.com/auction/22851/lot/253/a-samson-iznik-style-porcelain-flask-surahi-with-animal-decoration-france-mid-19th-century/,Bonhams,Bonhams_2015-06-09_253,['Bonhams_2015-06-09_253_01.jpg'],
63,"Two Samson Iznik style porcelain Jugs, France, 19th Century",Islamic and Indian Art,London,19 April 2016,2016-04-19,155,"['https://images1.bonhams.com/image?src=Images/live/2016-03/02/94608596-1-1.jpg', 'https://images1.bonhams.com/image?src=Images/live/2016-03/09/94608596-1-2.jpg']",Samson,https://www.bonhams.com/auction/23436/lot/155/two-samson-iznik-style-porcelain-jugs-france-19th-century2/,Bonhams,Bonhams_2016-04-19_155,"['Bonhams_2016-04-19_155_01.jpg', 'Bonhams_2016-04-19_155_02.jpg']",
64,"Three Samson Iznik style porcelain dishes, France, 19th Century",Islamic and Indian Art including Modern and Contemporary South Asian Art,London,23 October 2017,2017-10-23,136,['https://images1.bonhams.com/image?src=Images/live/2017-08/07/94551945-4-1.jpg'],Samson,https://www.bonhams.com/auction/24198/lot/136/three-samson-iznik-style-porcelain-dishes-france-19th-century3/,Bonhams,Bonhams_2017-10-23_136,['Bonhams_2017-10-23_136_01.jpg'],
65,A pair of Samson Safavid style porcelain vases,Asian Art,Edinburgh,05 December 2017,2017-12-05,141,['https://images1.bonhams.com/image?src=Images/live/2017-03/09/94523067-1-1.jpg'],Samson,https://www.bonhams.com/auction/24091/lot/141/a-pair-of-samson-safavid-style-porcelain-vases-paris-19th-century-2/,Bonhams,Bonhams_2017-12-05_141,['Bonhams_2017-12-05_141_01.jpg'],
66,"A Samson Iznik style porcelain 'grape dish', France, 19th Century",Islamic and Indian Art including Modern and Contemporary South Asian Art,London,24 April 2018,2018-04-24,258,['https://images1.bonhams.com/image?src=Images/live/2018-03/07/24743593-7-1.jpg'],Samson,https://www.bonhams.com/auction/24623/lot/258/a-samson-iznik-style-porcelain-grape-dish-france-19th-century/,Bonhams,Bonhams_2018-04-24_258,['Bonhams_2018-04-24_258_01.jpg'],
67,"A Samson Iznik style porcelain water bottle (surahi), Paris, 19th Century",Islamic and Indian Art including Modern and Contemporary South Asian Art,London,24 April 2018,2018-04-24,261,['https://images1.bonhams.com/image?src=Images/live/2018-03/07/24743593-6-1.jpg'],Samson,https://www.bonhams.com/auction/24623/lot/261/a-samson-iznik-style-porcelain-water-bottle-surahi-paris-19th-century/,Bonhams,Bonhams_2018-04-24_261,['Bonhams_2018-04-24_261_01.jpg'],
68,"A large Samson Iznik style porcelain bowl, France, 19th Century",Islamic and Indian Art including Modern and Contemporary South Asian Art,London,24 April 2018,2018-04-24,260,['https://images1.bonhams.com/image?src=Images/live/2018-02/28/94610046-1-1.jpg'],Samson,https://www.bonhams.com/auction/24623/lot/260/a-large-samson-iznik-style-porcelain-bowl-france-19th-century/,Bonhams,Bonhams_2018-04-24_260,['Bonhams_2018-04-24_260_01.jpg'],
69,"A Samson Iznik style porcelain Flask (surahi) with animal decoration, France, 19th Century","Islamic and Indian Art Including The Lion and the Sun, Art from Qajar Persia",London,30 April 2019,2019-04-30,36,['https://images1.bonhams.com/image?src=Images/live/2019-03/01/24847271-8-1.jpg'],Samson,https://www.bonhams.com/auction/25434/lot/36/a-samson-iznik-style-porcelain-flask-surahi-with-animal-decoration-france-19th-century/,Bonhams,Bonhams_2019-04-30_36,['Bonhams_2019-04-30_36_01.jpg'],
70,"A pair of Samson Iznik style porcelain water flasks (surahi), France, 19th Century","Islamic and Indian Art Including The Lion and the Sun, Art from Qajar Persia",London,30 April 2019,2019-04-30,38,['https://images1.bonhams.com/image?src=Images/live/2018-09/03/24794402-2-1.jpg'],Samson,https://www.bonhams.com/auction/25434/lot/38/a-pair-of-samson-iznik-style-porcelain-water-flasks-surahi-france-19th-century2/,Bonhams,Bonhams_2019-04-30_38,['Bonhams_2019-04-30_38_01.jpg'],
71,"Five watercolour designs for Iznik style vessels from the Samson Factory, Paris, 19th Century","Islamic and Indian Art Including The Lion and the Sun, Art from Qajar Persia",London,30 April 2019,2019-04-30,37,"['https://images1.bonhams.com/image?src=Images/live/2019-02/15/24847271-12-1.jpg', 'https://images1.bonhams.com/image?src=Images/live/2019-02/18/24847271-12-5.jpg', 'https://images1.bonhams.com/image?src=Images/live/2019-02/18/24847271-12-4.jpg', 'https://images1.bonhams.com/image?src=Images/live/2019-02/18/24847271-12-3.jpg', 'https://images1.bonhams.com/image?src=Images/live/2019-02/15/24847271-12-2.jpg']",Samson,https://www.bonhams.com/auction/25434/lot/37/five-watercolour-designs-for-iznik-style-vessels-from-the-samson-factory-paris-19th-century5/,Bonhams,Bonhams_2019-04-30_37,"['Bonhams_2019-04-30_37_01.jpg', 'Bonhams_2019-04-30_37_02.jpg', 'Bonhams_2019-04-30_37_03.jpg', 'Bonhams_2019-04-30_37_04.jpg', 'Bonhams_2019-04-30_37_05.jpg']",
72,"A Samson Kutahya style porcelain inkwell, France, 19th Century",Islamic and Indian Art including Modern and Contemporary South Asian Art,London,04 December 2019,2019-12-04,42,['https://images1.bonhams.com/image?src=Images/live/2019-10/03/24888101-1-1.jpg'],Samson,https://www.bonhams.com/auction/25585/lot/42/a-samson-kutahya-style-porcelain-inkwell-france-19th-century/,Bonhams,Bonhams_2019-12-04_42,['Bonhams_2019-12-04_42_01.jpg'],
73,"A pair of Iznik style Porcelain Ewers, possibly by Samson, France, 19th Century",Islamic and Indian Art,London,11 June 2020,2020-06-11,104,['https://images1.bonhams.com/image?src=Images/live/2020-02/03/24951985-7-1.jpg'],Samson,https://www.bonhams.com/auction/26016/lot/104/a-pair-of-iznik-style-porcelain-ewers-possibly-by-samson-france-19th-century2/,Bonhams,Bonhams_2020-06-11_104,['Bonhams_2020-06-11_104_01.jpg'],
74,"An Iznik style pottery tankard, Possibly Samson, Paris, 19th Century",Islamic and Indian Art Online Sale,London,13 August 2020,2020-08-13,77,['https://images1.bonhams.com/image?src=Images/live/2020-07/16/24957011-14-2.jpg'],Samson,https://www.bonhams.com/auction/26256/lot/77/an-iznik-style-pottery-tankard-possibly-samson-paris-19th-century/,Bonhams,Bonhams_2020-08-13_77,['Bonhams_2020-08-13_77_01.jpg'],
75,"A Samson Iznik style pottery bowl, Paris,  19th Century",Islamic and Indian Art Online Sale,London,18 November 2020,2020-11-18,76,['https://images1.bonhams.com/image?src=Images/live/2020-07/16/24974125-2-1.jpg'],Samson,https://www.bonhams.com/auction/26636/lot/76/a-samson-iznik-style-pottery-bowl-paris-19th-century/,Bonhams,Bonhams_2020-11-18_76,['Bonhams_2020-11-18_76_01.jpg'],
76,"A Samson Damascus style porcelain jar, France, 19th Century",Islamic and Indian Art Online Sale,London,26 May 2022,2022-05-26,72,['https://images1.bonhams.com/image?src=Images/live/2021-09/27/25125186-3-1.jpg'],Samson,https://www.bonhams.com/auction/27407/lot/72/a-samson-damascus-style-porcelain-jar-france-19th-century/,Bonhams,Bonhams_2022-05-26_72,['Bonhams_2022-05-26_72_01.jpg'],
77,"A Samson Iznik style pottery vase, France, 19th Century",Islamic and Indian Art Online Sale,London,26 May 2022,2022-05-26,73,['https://images1.bonhams.com/image?src=Images/live/2021-11/08/25125186-5-1.jpg'],Samson,https://www.bonhams.com/auction/27407/lot/73/a-samson-iznik-style-pottery-vase-france-19th-century/,Bonhams,Bonhams_2022-05-26_73,['Bonhams_2022-05-26_73_01.jpg'],
78,"A Samson Iznik style porcelain candlestick, France, circa 1880",Islamic and Indian Art,London,25 October 2022,2022-10-25,77,"['https://images1.bonhams.com/image?src=Images/live/2022-09/05/25250316-3-1.jpg', 'https://images1.bonhams.com/image?src=Images/live/2022-09/05/25250316-3-2.jpg']",Samson,https://www.bonhams.com/auction/27408/lot/77/a-samson-iznik-style-porcelain-candlestick-france-circa-1880/,Bonhams,Bonhams_2022-10-25_77,"['Bonhams_2022-10-25_77_01.jpg', 'Bonhams_2022-10-25_77_02.jpg']",
79,"A large Samson Safavid style pottery Bottle, France, 19th Century",Islamic & Indian Art,Knightsbridge,16 October 2003,2003-10-16,454,['https://images1.bonhams.com/image?src=Images/live/2003-09/24/6619812-8-1.jpg'],Samson,https://www.bonhams.com/auction/10490/lot/454/a-large-samson-safavid-style-pottery-bottle-france-19th-century/,Bonhams,Bonhams_2003-10-16_454,['Bonhams_2003-10-16_454_01.jpg'],
80,A pair of Isnik style plates by Theodore Deck,The Bath Autumn Sale including Contemporary Ceramics.,Queen Square Place,15 October 2007,2007-10-15,682,['https://images1.bonhams.com/image?src=Images/live/2007-09/27/94331895-7-2.jpg'],Deck,https://www.bonhams.com/auction/15061/lot/682/a-pair-of-isnik-style-plates-by-theodore-deck/,Bonhams,Bonhams_2007-10-15_682,['Bonhams_2007-10-15_682_01.jpg'],
81,"An Iznik style pottery Flask by Theodore Deck, France, 19th Century",Islamic and Indian Art,London,04 October 2011,2011-10-04,165,['https://images1.bonhams.com/image?src=Images/live/2011-07/21/8364455-1-1.jpg'],Deck,https://www.bonhams.com/auction/18950/lot/165/an-iznik-style-pottery-flask-by-theodore-deck-france-19th-century/,Bonhams,Bonhams_2011-10-04_165,['Bonhams_2011-10-04_165_01.jpg'],
82,"A pair of Persian-style porcelain bottles by Théodore Deck, France, late 19th Century",Islamic and Indian Art,London,23 May 2023,2023-05-23,127,"['https://images1.bonhams.com/image?src=Images/live/2023-04/11/60139989-74-1.jpg', 'https://images1.bonhams.com/image?src=Images/live/2023-04/28/60139989-74-2.jpg']",Deck,https://www.bonhams.com/auction/28300/lot/127/a-pair-of-persian-style-porcelain-bottles-by-theodore-deck-france-late-19th-century2/,Bonhams,Bonhams_2023-05-23_127,"['Bonhams_2023-05-23_127_01.jpg', 'Bonhams_2023-05-23_127_02.jpg']",
83,"An Iznik style pottery Dish, by Theodore Deck, 19th Century",Islamic & Indian Art,Knightsbridge,15 January 2004,2004-01-15,60,['https://images1.bonhams.com/image?src=Images/live/2003-12/03/4123309-26-1.jpg'],Deck,https://www.bonhams.com/auctions/10541/lot/60/,Bonhams,Bonhams_2004-01-15_60,['Bonhams_2004-01-15_60_01.jpg'],
84,,20th Century Decorative Arts including Ceramic Design,Knightsbridge,24 April 2012,2012-04-24,58,['https://images1.bonhams.com/image?src=Images/live/2012-02/17/94399884-181-1.jpg'],Deck,https://www.bonhams.com/auction/20202/lot/58/theodore-deck-an-iznik-style-pottery-charger-circa-1875/,Bonhams,Bonhams_2012-04-24_58,['Bonhams_2012-04-24_58_01.jpg'],
85,,20th Century Decorative Arts including Ceramic Design,Knightsbridge,24 April 2012,2012-04-24,57,['https://images1.bonhams.com/image?src=Images/live/2012-02/17/94399884-180-1.jpg'],Deck,https://www.bonhams.com/auction/20202/lot/57/theodore-deck-an-isnik-style-charger-circa-1875/,Bonhams,Bonhams_2012-04-24_57,['Bonhams_2012-04-24_57_01.jpg'],
86,Theodore Deck,20th Century Decorative Arts including Ceramic Design,Knightsbridge,24 April 2012,2012-04-24,56,['https://images1.bonhams.com/image?src=Images/live/2012-02/17/94399884-131-1.jpg'],Deck,https://www.bonhams.com/auction/20202/lot/56/theodore-deck-an-iznik-style-pottery-charger-circa-1875/,Bonhams,Bonhams_2012-04-24_56,['Bonhams_2012-04-24_56_01.jpg'],
87,"An Iznik pottery Dish, Turkey, early 17th Century",The Jacques Desenfans Collection,London,10 April 2008,2008-04-10,61,['https://images1.bonhams.com/image?src=Images/live/2008-02/13/7601822-158-2.jpg'],Deck,https://www.bonhams.com/auction/16444/lot/61/an-iznik-pottery-dish-turkey-early-17th-century2/,Bonhams,Bonhams_2008-04-10_61,['Bonhams_2008-04-10_61_01.jpg'],
88,"A pottery ewer and basin by Edmond Lachenal (1855-1930), France, circa 1880",Islamic and Indian Art Online Sale,London,27 May 2021,2021-05-27,124,['https://images1.bonhams.com/image?src=Images/live/2021-04/22/25065913-6-1.jpg'],Lachenal,https://www.bonhams.com/auction/26591/lot/124/a-pottery-ewer-and-basin-by-edmond-lachenal-1855-1930-france-circa-18802/,Bonhams,Bonhams_2021-05-27_124,['Bonhams_2021-05-27_124_01.jpg'],
89,"A pair of Boch Keramis Iznik style pottery vases, France, circa 1900",Islamic and Indian Art Online Sale,London,16 November 2021,2021-11-16,111,['https://images1.bonhams.com/image?src=Images/live/2021-11/04/25125186-12-1.jpg'],BochKeramis,https://www.bonhams.com/auction/27025/lot/111/a-pair-of-boch-keramis-iznik-style-pottery-vases-france-circa-19002/,Bonhams,Bonhams_2021-11-16_111,['Bonhams_2021-11-16_111_01.jpg'],
