,Description,Vente,Loc,Date_iso,Date_str,Lot,Img_urls,Auteur,Url_lot,Maison_encheres,Id,Fichiers_img,error,url
0,William De Morgan (1839 - 1917),Fine 20th Century Design,London,2008-04-02,02 April 2008,150,['https://sothebys-com.brightspotcdn.com/dims4/default/97becfb/2147483647/strip/true/crop/2000x2000+0+0/resize/2880x2880!/quality/90/?url=http%3A%2F%2Fsothebys-brightspot-migration.s3.amazonaws.com%2Fcd%2F3d%2F76%2F134686a26e7b8d1d122983ec026a61ef1990c608c2ac99561318d3b72d%2Fl08672-150-lr-1.jpg'],DeMorgan,https://www.sothebys.com/en/auctions/ecatalogue/2008/fine-20th-century-design-l08672/lot.150.html,Sothebys,Sothebys_2008-04-02_150,['Sothebys_2008-04-02_150_01.jpg'],,
1,,,,,,,,,,,,,Invalid URL '': No scheme supplied. Perhaps you meant https://?,https://www.sothebys.com/en/auctions/ecatalogue/2006/john-jesse-the-pursuit-of-style-l06750/lot.8.html
2,,,,,,,,,,,,,Invalid URL '': No scheme supplied. Perhaps you meant https://?,https://www.sothebys.com/en/auctions/ecatalogue/2005/decorative-arts-and-design-w05811/lot.24.html
3,,,,,,,,,,,,,Invalid URL '': No scheme supplied. Perhaps you meant https://?,https://www.sothebys.com/en/auctions/ecatalogue/2004/decorative-arts-and-design-from-1870-w04811/lot.27.html
4,,,,,,,,,,,,,Invalid URL '': No scheme supplied. Perhaps you meant https://?,https://www.sothebys.com/en/auctions/ecatalogue/2003/decorative-arts-and-design-from-1870-w03813/lot.255.html
5,,,,,,,,,,,,,Invalid URL '': No scheme supplied. Perhaps you meant https://?,https://www.sothebys.com/en/auctions/ecatalogue/2003/decorative-arts-and-design-from-1870-w03813/lot.260.html
6,,,,,,,,,,,,,Invalid URL '': No scheme supplied. Perhaps you meant https://?,https://www.sothebys.com/en/auctions/ecatalogue/2003/decorative-arts-and-design-from-1870-w03813/lot.264.html
7,,,,,,,,,,,,,Invalid URL '': No scheme supplied. Perhaps you meant https://?,https://www.sothebys.com/en/auctions/ecatalogue/2002/decorative-arts-and-design-from-1870-w02919/lot.109.html
8,,,,,,,,,,,,,Invalid URL '': No scheme supplied. Perhaps you meant https://?,https://www.sothebys.com/en/auctions/ecatalogue/2004/fine-decorative-arts-from-1870-w04810/lot.21.html
9,,,,,,,,,,,,,Invalid URL '': No scheme supplied. Perhaps you meant https://?,https://www.sothebys.com/en/auctions/ecatalogue/2006/decorative-arts-design-from-1870-w06814/lot.90.html
10,"A William de Morgan ruby lustre ovoid vase, circa 1885","Design 17/20: Furniture, Silver & Ceramics",London,2023-05-12,12 May 2023,7,"['https://sothebys-md.brightspotcdn.com/dims4/default/2b73130/2147483647/strip/true/crop/2000x2000+0+0/resize/2048x2048!/quality/90/?url=http%3A%2F%2Fsothebys-brightspot.s3.amazonaws.com%2Fmedia-desk%2Fwebnative%2Fimages%2Fd6%2F0f%2F690a378d45c08b62dca280d0b150%2Fl23315-cjx8b-t2-01.jpg', 'https://sothebys-md.brightspotcdn.com/dims4/default/3f274c6/2147483647/strip/true/crop/2000x2000+0+0/resize/2048x2048!/quality/90/?url=http%3A%2F%2Fsothebys-brightspot.s3.amazonaws.com%2Fmedia-desk%2Fwebnative%2Fimages%2Fbb%2F9f%2Fa9646d634c54a950402c7b4c8f02%2Fl23315-cjx8b-t2-02.jpg', 'https://sothebys-md.brightspotcdn.com/dims4/default/3383abe/2147483647/strip/true/crop/2000x2000+0+0/resize/2048x2048!/quality/90/?url=http%3A%2F%2Fsothebys-brightspot.s3.amazonaws.com%2Fmedia-desk%2Fwebnative%2Fimages%2Fa3%2F9e%2F8a14d6cf4efcb192aebe130a6439%2Fl23315-cjx8b-t2-03.jpg', 'https://sothebys-md.brightspotcdn.com/dims4/default/5d06dd1/2147483647/strip/true/crop/2000x2000+0+0/resize/2048x2048!/quality/90/?url=http%3A%2F%2Fsothebys-brightspot.s3.amazonaws.com%2Fmedia-desk%2Fwebnative%2Fimages%2F38%2Fb8%2Feffd327748e9afb3928edd432553%2Fl23315-cjx8b-t2-04.jpg', 'https://sothebys-md.brightspotcdn.com/dims4/default/bc65f40/2147483647/strip/true/crop/2000x2000+0+0/resize/2048x2048!/quality/90/?url=http%3A%2F%2Fsothebys-brightspot.s3.amazonaws.com%2Fmedia-desk%2Fwebnative%2Fimages%2Fcb%2Fb5%2F999bbd0f45d693dee1ab87ebd405%2Fl23315-cjx8b-t2-05.jpg']",DeMorgan,https://www.sothebys.com/en/buy/auction/2023/design-17-20-furniture-silver-ceramics/a-william-de-morgan-ruby-lustre-ovoid-vase-circa,Sothebys,Sothebys_2023-05-12_7,"['Sothebys_2023-05-12_7_01.jpg', 'Sothebys_2023-05-12_7_02.jpg', 'Sothebys_2023-05-12_7_03.jpg', 'Sothebys_2023-05-12_7_04.jpg', 'Sothebys_2023-05-12_7_05.jpg']",,
11,"Large bassin de style mamelouk, France, Bordeaux, Manufacture Jules Vieillard et Cie, fin du XIXE siècle",Regards sur l&#39;Orient: Orientalist Paintings and Sculptures - Islamic Art,Paris,2011-03-30,30 March 2011,128,['https://sothebys-com.brightspotcdn.com/dims4/default/7cc9932/2147483647/strip/true/crop/4000x2994+0+0/resize/2880x2157!/quality/90/?url=http%3A%2F%2Fsothebys-brightspot-migration.s3.amazonaws.com%2Fe2%2F64%2F82%2Fb312b228ed23838606178aaf8dd5c53b7ebe4e2b94fb4ad6df17b32dab%2F338pf1119-5zlr9-1.jpg'],Vieillard,https://www.sothebys.com/en/auctions/ecatalogue/2011/regards-sur-l39orient-orientalist-paintings-and-sculptures-islamic-art-pf1119/lot.128.html,Sothebys,Sothebys_2011-03-30_128,['Sothebys_2011-03-30_128_01.jpg'],,
12,A PAIR OF FRENCH POTTERY LARGE MOON FLASKS AND GILT METAL COVERS LATE 19TH CENTURY,19th C Furniture,New York,2012-10-24,24 October 2012,298,['https://sothebys-com.brightspotcdn.com/dims4/default/5082481/2147483647/strip/true/crop/2000x1827+0+0/resize/2880x2631!/quality/90/?url=http%3A%2F%2Fsothebys-brightspot-migration.s3.amazonaws.com%2Ff2%2F92%2F17%2F1d93c896427b47fb29fe2015c4d330c8fba84b37e77d4c11b82fb65d66%2F676n08893-6lfy5.jpg'],Vieillard,https://www.sothebys.com/en/auctions/ecatalogue/2012/19th-c-furniture-n08893/lot.298.html,Sothebys,Sothebys_2012-10-24_298,['Sothebys_2012-10-24_298_01.jpg'],,
13,"Two Samson and Lachenal Iznik-style jugs, France, 19th century",Arts of the Islamic World & India,London,2025-04-30,30 April 2025,685,"['https://sothebys-md.brightspotcdn.com/dims4/default/9796475/2147483647/strip/true/crop/7152x7152+0+0/resize/4096x4096!/quality/90/?url=http%3A%2F%2Fsothebys-brightspot.s3.amazonaws.com%2Fmedia-desk%2F11%2Ff7%2F30cdebf94d69a0e9302350b1534f%2Fl25220-d75cj-t2-01.jpg', 'https://sothebys-md.brightspotcdn.com/dims4/default/39e19fd/2147483647/strip/true/crop/7072x7072+0+0/resize/4096x4096!/quality/90/?url=http%3A%2F%2Fsothebys-brightspot.s3.amazonaws.com%2Fmedia-desk%2F5c%2F1e%2F3f0ad7f840cab0d991b9b083c1c4%2Fl25220-d75cj-t2-02.jpg', 'https://sothebys-md.brightspotcdn.com/dims4/default/84a2c3c/2147483647/strip/true/crop/7072x7072+0+0/resize/4096x4096!/quality/90/?url=http%3A%2F%2Fsothebys-brightspot.s3.amazonaws.com%2Fmedia-desk%2F94%2Fa2%2Fa5a6ef5648d882d62c4971d890d0%2Fl25220-d75cj-t2-03.jpg', 'https://sothebys-md.brightspotcdn.com/dims4/default/7670598/2147483647/strip/true/crop/7084x7084+0+0/resize/4096x4096!/quality/90/?url=http%3A%2F%2Fsothebys-brightspot.s3.amazonaws.com%2Fmedia-desk%2F62%2F28%2F6d842cc743e6b5d82aa3f302c59f%2Fl25220-d75cj-t2-04.jpg', 'https://sothebys-md.brightspotcdn.com/dims4/default/23a59bb/2147483647/strip/true/crop/6940x6940+0+0/resize/4096x4096!/quality/90/?url=http%3A%2F%2Fsothebys-brightspot.s3.amazonaws.com%2Fmedia-desk%2F90%2Fed%2F84e369894f32805c3788b59281fc%2Fl25220-d75cj-t2-05.jpg']",Samson,https://www.sothebys.com/en/buy/auction/2025/arts-of-the-islamic-world-india-l25220/two-samson-and-lachenal-iznik-style-jugs-france,Sothebys,Sothebys_2025-04-30_685,"['Sothebys_2025-04-30_685_01.jpg', 'Sothebys_2025-04-30_685_02.jpg', 'Sothebys_2025-04-30_685_03.jpg', 'Sothebys_2025-04-30_685_04.jpg', 'Sothebys_2025-04-30_685_05.jpg']",,
14,"A Near Pair of Samson Porcelain Iznik-Style Bottle Vases, Late 19th Century",The Vision of Aso O. Tavitian | The Country House,New York,2025-02-09,09 February 2025,1512,"['https://sothebys-md.brightspotcdn.com/dims4/default/7661a70/2147483647/strip/true/crop/4625x4625+0+0/resize/4096x4096!/quality/90/?url=http%3A%2F%2Fsothebys-brightspot.s3.amazonaws.com%2Fmedia-desk%2Fc3%2F8a%2F91ef7c6f4c2688c6d3710bbb63b4%2Fn11701-bsms9-t2-01.jpg', 'https://sothebys-md.brightspotcdn.com/dims4/default/f6a0668/2147483647/strip/true/crop/4625x4625+0+0/resize/4096x4096!/quality/90/?url=http%3A%2F%2Fsothebys-brightspot.s3.amazonaws.com%2Fmedia-desk%2F9b%2Fb1%2Fd149e11b423a9991260ae0c38d11%2Fn11701-bsms9-t2-02.jpg', 'https://sothebys-md.brightspotcdn.com/dims4/default/b8a6e4a/2147483647/strip/true/crop/4496x4496+0+0/resize/4096x4096!/quality/90/?url=http%3A%2F%2Fsothebys-brightspot.s3.amazonaws.com%2Fmedia-desk%2F2b%2F1a%2F1d07a3964a04abeb9a4a2d91e7da%2Fn11701-bsms9-t2-03.jpg', 'https://sothebys-md.brightspotcdn.com/dims4/default/98307b3/2147483647/strip/true/crop/8186x5460+0+0/resize/4096x2732!/quality/90/?url=http%3A%2F%2Fsothebys-brightspot.s3.amazonaws.com%2Fmedia-desk%2F96%2F57%2F677664ef4dd6b90cfcd408055f3f%2Fn11700-xxxxx-rm-137.jpg', 'https://sothebys-md.brightspotcdn.com/dims4/default/149a2af/2147483647/strip/true/crop/5364x4252+0+0/resize/4096x3247!/quality/90/?url=http%3A%2F%2Fsothebys-brightspot.s3.amazonaws.com%2Fmedia-desk%2F0a%2F76%2F352f67d84e06b7b80b83fa8c3521%2Fn11700-xxxxx-rm-134.crop.jpg']",Samson,https://www.sothebys.com/en/buy/auction/2025/the-vision-of-aso-o-tavitian-the-country-house/a-near-pair-of-samson-porcelain-iznik-style-bottle,Sothebys,Sothebys_2025-02-09_1512,"['Sothebys_2025-02-09_1512_01.jpg', 'Sothebys_2025-02-09_1512_02.jpg', 'Sothebys_2025-02-09_1512_03.jpg', 'Sothebys_2025-02-09_1512_04.jpg', 'Sothebys_2025-02-09_1512_05.jpg']",,
15,"A Samson Iznik-style pottery dish, France, late 19th century",Arts of the Islamic World & India,London,2024-10-23,23 October 2024,165,"['https://sothebys-md.brightspotcdn.com/dims4/default/e031ba8/2147483647/strip/true/crop/2000x2000+0+0/resize/4096x4096!/quality/90/?url=http%3A%2F%2Fsothebys-brightspot.s3.amazonaws.com%2Fmedia-desk%2Fwebnative%2Fimages%2F7f%2F07%2Ffacab64e4a1ba96f0707a407ac32%2Fl24223-d4qdw-t2-01.jpg', 'https://sothebys-md.brightspotcdn.com/dims4/default/2f179a3/2147483647/strip/true/crop/2000x2000+0+0/resize/4096x4096!/quality/90/?url=http%3A%2F%2Fsothebys-brightspot.s3.amazonaws.com%2Fmedia-desk%2Fwebnative%2Fimages%2F2b%2F12%2Fd3b4560d4c96b891d6f831d810b4%2Fl24223-d4qdw-t2-02.jpg']",Samson,https://www.sothebys.com/en/buy/auction/2024/arts-of-the-islamic-world-india/a-samson-iznik-style-pottery-dish-france-late-19th,Sothebys,Sothebys_2024-10-23_165,"['Sothebys_2024-10-23_165_01.jpg', 'Sothebys_2024-10-23_165_02.jpg']",,
16,"A large Samson Iznik-style dish with a peacock, France, 19th century",Arts of the Islamic World & India,London,2024-10-23,23 October 2024,242,"['https://sothebys-md.brightspotcdn.com/dims4/default/8d06f2d/2147483647/strip/true/crop/2000x2000+0+0/resize/4096x4096!/quality/90/?url=http%3A%2F%2Fsothebys-brightspot.s3.amazonaws.com%2Fmedia-desk%2Fwebnative%2Fimages%2F51%2Fd5%2F3dac40494461b0967b3ac656bb1c%2Fl24223-d3cxj-t2-01.jpg', 'https://sothebys-md.brightspotcdn.com/dims4/default/74879c4/2147483647/strip/true/crop/2000x2000+0+0/resize/4096x4096!/quality/90/?url=http%3A%2F%2Fsothebys-brightspot.s3.amazonaws.com%2Fmedia-desk%2Fwebnative%2Fimages%2Fe6%2F30%2F6a17eba0483d9fcc5916fbbb6695%2Fl24223-d3cxj-t2-02.jpg']",Samson,https://www.sothebys.com/en/buy/auction/2024/arts-of-the-islamic-world-india/a-large-samson-iznik-style-dish-with-a-peacock,Sothebys,Sothebys_2024-10-23_242,"['Sothebys_2024-10-23_242_01.jpg', 'Sothebys_2024-10-23_242_02.jpg']",,
17,"A large Iznik- style Samson ewer with animals, France, 19th century",Arts of the Islamic World and India,London,2024-04-24,24 April 2024,211,"['https://sothebys-md.brightspotcdn.com/dims4/default/d7a4d17/2147483647/strip/true/crop/8984x8984+0+0/resize/4096x4096!/quality/90/?url=http%3A%2F%2Fsothebys-brightspot.s3.amazonaws.com%2Fmedia-desk%2F61%2F08%2Fc1226d09426eaada3484e140385a%2Fl24220-cxkxb-t2-04.jpg', 'https://sothebys-md.brightspotcdn.com/dims4/default/9ab92a8/2147483647/strip/true/crop/8984x8984+0+0/resize/4096x4096!/quality/90/?url=http%3A%2F%2Fsothebys-brightspot.s3.amazonaws.com%2Fmedia-desk%2F5b%2Fcc%2F9282eff64f70823ad77b54d75aa2%2Fl24220-cxkxb-t2-01.jpg', 'https://sothebys-md.brightspotcdn.com/dims4/default/5c638dd/2147483647/strip/true/crop/8984x8984+0+0/resize/4096x4096!/quality/90/?url=http%3A%2F%2Fsothebys-brightspot.s3.amazonaws.com%2Fmedia-desk%2Fcc%2Fc9%2F5b9685c64d3698265c0881589eef%2Fl24220-cxkxb-t2-02.jpg', 'https://sothebys-md.brightspotcdn.com/dims4/default/b10d1e0/2147483647/strip/true/crop/8984x8984+0+0/resize/4096x4096!/quality/90/?url=http%3A%2F%2Fsothebys-brightspot.s3.amazonaws.com%2Fmedia-desk%2Fee%2F8e%2F4502a691469daa76baef692962e5%2Fl24220-cxkxb-t2-03.jpg']",Samson,https://www.sothebys.com/en/buy/auction/2024/arts-of-the-islamic-world-and-india/a-large-iznik-style-samson-ewer-with-animals,Sothebys,Sothebys_2024-04-24_211,"['Sothebys_2024-04-24_211_01.jpg', 'Sothebys_2024-04-24_211_02.jpg', 'Sothebys_2024-04-24_211_03.jpg', 'Sothebys_2024-04-24_211_04.jpg']",,
18,"A Samson Iznik style pottery bottle, France, 19th century",Arts of the Islamic World and India,London,2024-04-24,24 April 2024,210,"['https://sothebys-md.brightspotcdn.com/dims4/default/0e3c7f2/2147483647/strip/true/crop/5946x5946+0+0/resize/4096x4096!/quality/90/?url=http%3A%2F%2Fsothebys-brightspot.s3.amazonaws.com%2Fmedia-desk%2Fb4%2F46%2F0f29d5b6455d97d06c3f9f1e50cd%2Fl24220-t2-cwx7b-01.jpg', 'https://sothebys-md.brightspotcdn.com/dims4/default/4fcf45b/2147483647/strip/true/crop/6081x6081+0+0/resize/4096x4096!/quality/90/?url=http%3A%2F%2Fsothebys-brightspot.s3.amazonaws.com%2Fmedia-desk%2F80%2F6b%2Fcb51d1e54125a62d0ca1bafc2eed%2Fl24220-t2-cwx7b-02.jpg', 'https://sothebys-md.brightspotcdn.com/dims4/default/12471a5/2147483647/strip/true/crop/6056x6056+0+0/resize/4096x4096!/quality/90/?url=http%3A%2F%2Fsothebys-brightspot.s3.amazonaws.com%2Fmedia-desk%2F88%2F24%2F4cbf0a9845debd242bc000fef1a6%2Fl24220-t2-cwx7b-03.jpg', 'https://sothebys-md.brightspotcdn.com/dims4/default/99bc887/2147483647/strip/true/crop/7708x7708+0+0/resize/4096x4096!/quality/90/?url=http%3A%2F%2Fsothebys-brightspot.s3.amazonaws.com%2Fmedia-desk%2F86%2F9b%2Fbe638c1b4bf4ab504bf99d9575d2%2Fl24220-t2-cwx7b-05.jpg']",Samson,https://www.sothebys.com/en/buy/auction/2024/arts-of-the-islamic-world-and-india/a-samson-iznik-style-pottery-bottle-france-19th,Sothebys,Sothebys_2024-04-24_210,"['Sothebys_2024-04-24_210_01.jpg', 'Sothebys_2024-04-24_210_02.jpg', 'Sothebys_2024-04-24_210_03.jpg', 'Sothebys_2024-04-24_210_04.jpg']",,
19,"A Samson Iznik-style porcelain mosque lamp, France, late 19th century",Arts of the Islamic World & India,London,2023-10-25,25 October 2023,155,"['https://sothebys-md.brightspotcdn.com/dims4/default/ff11781/2147483647/strip/true/crop/2000x2000+0+0/resize/2048x2048!/quality/90/?url=http%3A%2F%2Fsothebys-brightspot.s3.amazonaws.com%2Fmedia-desk%2Fwebnative%2Fimages%2F3b%2Fe2%2F3602d1d7437aa7c0a03cbb859a35%2Fl23223-crj83-t2-01.jpg', 'https://sothebys-md.brightspotcdn.com/dims4/default/316d1b7/2147483647/strip/true/crop/2000x2000+0+0/resize/2048x2048!/quality/90/?url=http%3A%2F%2Fsothebys-brightspot.s3.amazonaws.com%2Fmedia-desk%2Fwebnative%2Fimages%2Fce%2F4d%2F110f2c4a44478fada36e11971784%2Fl23223-crj83-t2-02.jpg', 'https://sothebys-md.brightspotcdn.com/dims4/default/b11f8ab/2147483647/strip/true/crop/2000x2000+0+0/resize/2048x2048!/quality/90/?url=http%3A%2F%2Fsothebys-brightspot.s3.amazonaws.com%2Fmedia-desk%2Fwebnative%2Fimages%2F71%2F9f%2Ffed723704492b020160c155edcb8%2Fl23223-crj83-t2-03.jpg', 'https://sothebys-md.brightspotcdn.com/dims4/default/d40ede5/2147483647/strip/true/crop/2000x2000+0+0/resize/2048x2048!/quality/90/?url=http%3A%2F%2Fsothebys-brightspot.s3.amazonaws.com%2Fmedia-desk%2Fwebnative%2Fimages%2F64%2F2b%2F030e8df14dc2be2e6105b05cd13d%2Fl23223-crj83-t2-04.jpg', 'https://sothebys-md.brightspotcdn.com/dims4/default/1305e35/2147483647/strip/true/crop/2000x2000+0+0/resize/2048x2048!/quality/90/?url=http%3A%2F%2Fsothebys-brightspot.s3.amazonaws.com%2Fmedia-desk%2Fwebnative%2Fimages%2Fc0%2F8f%2F5b0925c245119ca5abc155e646b7%2Fl23223-crj83-t2-05.jpg']",Samson,https://www.sothebys.com/en/buy/auction/2023/arts-of-the-islamic/a-samson-iznik-style-porcelain-mosque-lamp-france,Sothebys,Sothebys_2023-10-25_155,"['Sothebys_2023-10-25_155_01.jpg', 'Sothebys_2023-10-25_155_02.jpg', 'Sothebys_2023-10-25_155_03.jpg', 'Sothebys_2023-10-25_155_04.jpg', 'Sothebys_2023-10-25_155_05.jpg']",,
20,"A Samson Iznik-style vase decorated with fish-scale medallions, France, 19th century","Arts of the Islamic World and India, including Fine Rugs and Carpets",London,2023-04-26,26 April 2023,132,"['https://sothebys-md.brightspotcdn.com/dims4/default/ddcc92c/2147483647/strip/true/crop/2000x2000+0+0/resize/2048x2048!/quality/90/?url=http%3A%2F%2Fsothebys-brightspot.s3.amazonaws.com%2Fmedia-desk%2Fwebnative%2Fimages%2Fc5%2Fad%2Ff2bf76ba4c55b127b5bcc7c04f84%2Fl23220-cl4fv-t2-01.jpg', 'https://sothebys-md.brightspotcdn.com/dims4/default/fc20102/2147483647/strip/true/crop/2000x2000+0+0/resize/2048x2048!/quality/90/?url=http%3A%2F%2Fsothebys-brightspot.s3.amazonaws.com%2Fmedia-desk%2Fwebnative%2Fimages%2F25%2F8d%2F5e11fd38439896d62b1ca12a2198%2Fl23220-cl4fv-t2-02.jpg', 'https://sothebys-md.brightspotcdn.com/dims4/default/d6aa6ea/2147483647/strip/true/crop/1600x2000+0+0/resize/2048x2560!/quality/90/?url=http%3A%2F%2Fsothebys-brightspot.s3.amazonaws.com%2Fmedia-desk%2Fwebnative%2Fimages%2Fa7%2F3a%2F1d00d3c74b0f9ec9f82e0066808c%2Fl23220-cl4fv-t2-03.jpg']",Samson,https://www.sothebys.com/en/buy/auction/2023/arts-of-the-islamic-world-and-india-including-fine-rugs-and-carpets/a-samson-iznik-style-vase-decorated-with-fish,Sothebys,Sothebys_2023-04-26_132,"['Sothebys_2023-04-26_132_01.jpg', 'Sothebys_2023-04-26_132_02.jpg', 'Sothebys_2023-04-26_132_03.jpg']",,
21,"A Samson Iznik-style lidded container with animals, France, 19th century","Arts of the Islamic World and India, including Fine Rugs and Carpets",London,2023-04-26,26 April 2023,130,"['https://sothebys-md.brightspotcdn.com/dims4/default/1587a26/2147483647/strip/true/crop/2000x2000+0+0/resize/2048x2048!/quality/90/?url=http%3A%2F%2Fsothebys-brightspot.s3.amazonaws.com%2Fmedia-desk%2Fwebnative%2Fimages%2F25%2Fea%2F76bf30874a6da3a2d13443c7bbcd%2Fl23220-cl4fw-t2-01.jpg', 'https://sothebys-md.brightspotcdn.com/dims4/default/36d1233/2147483647/strip/true/crop/2000x2000+0+0/resize/2048x2048!/quality/90/?url=http%3A%2F%2Fsothebys-brightspot.s3.amazonaws.com%2Fmedia-desk%2Fwebnative%2Fimages%2Fa0%2Fb3%2Fd22134e441349608f442b76e1d32%2Fl23220-cl4fw-t2-02.jpg', 'https://sothebys-md.brightspotcdn.com/dims4/default/0be8e5d/2147483647/strip/true/crop/2000x2000+0+0/resize/2048x2048!/quality/90/?url=http%3A%2F%2Fsothebys-brightspot.s3.amazonaws.com%2Fmedia-desk%2Fwebnative%2Fimages%2F58%2Fe8%2F02e590a94b1baca77659091722cd%2Fl23220-cl4fw-t2-03.jpg', 'https://sothebys-md.brightspotcdn.com/dims4/default/4c70d49/2147483647/strip/true/crop/2000x2000+0+0/resize/2048x2048!/quality/90/?url=http%3A%2F%2Fsothebys-brightspot.s3.amazonaws.com%2Fmedia-desk%2Fwebnative%2Fimages%2F7e%2Fa7%2Fee8676014658b72241ad0367797f%2Fl23220-cl4fw-t2-04.jpg', 'https://sothebys-md.brightspotcdn.com/dims4/default/3add931/2147483647/strip/true/crop/2000x2000+0+0/resize/2048x2048!/quality/90/?url=http%3A%2F%2Fsothebys-brightspot.s3.amazonaws.com%2Fmedia-desk%2Fwebnative%2Fimages%2F47%2Fee%2F3b4214fa4c3892e28e6235f5fab6%2Fl23220-cl4fw-t2-05.jpg']",Samson,https://www.sothebys.com/en/buy/auction/2023/arts-of-the-islamic-world-and-india-including-fine-rugs-and-carpets/a-samson-iznik-style-lidded-container-with-animals,Sothebys,Sothebys_2023-04-26_130,"['Sothebys_2023-04-26_130_01.jpg', 'Sothebys_2023-04-26_130_02.jpg', 'Sothebys_2023-04-26_130_03.jpg', 'Sothebys_2023-04-26_130_04.jpg', 'Sothebys_2023-04-26_130_05.jpg']",,
22,"A Samson Iznik-style vase with animals, France, 19th century","Arts of the Islamic World and India, including Fine Rugs and Carpets",London,2023-04-26,26 April 2023,129,"['https://sothebys-md.brightspotcdn.com/dims4/default/01bb655/2147483647/strip/true/crop/8415x8415+0+0/resize/2048x2048!/quality/90/?url=http%3A%2F%2Fsothebys-brightspot.s3.amazonaws.com%2Fmedia-desk%2Fb8%2F64%2F9cad8f1146b396da65eeaa7e356f%2Fl23220-lot1291.jpg', 'https://sothebys-md.brightspotcdn.com/dims4/default/1c9876e/2147483647/strip/true/crop/8415x8415+0+0/resize/2048x2048!/quality/90/?url=http%3A%2F%2Fsothebys-brightspot.s3.amazonaws.com%2Fmedia-desk%2F2e%2F6d%2Fcc7ad36e48b79dadc27430be54d0%2Fl23220-lot1292.jpg', 'https://sothebys-md.brightspotcdn.com/dims4/default/a1d4f36/2147483647/strip/true/crop/8415x8415+0+0/resize/2048x2048!/quality/90/?url=http%3A%2F%2Fsothebys-brightspot.s3.amazonaws.com%2Fmedia-desk%2F47%2Ff3%2Fa0e09674495eb1dd55c9f93f70f1%2Fl23220-lot1293.jpg', 'https://sothebys-md.brightspotcdn.com/dims4/default/7b04187/2147483647/strip/true/crop/8415x8415+0+0/resize/2048x2048!/quality/90/?url=http%3A%2F%2Fsothebys-brightspot.s3.amazonaws.com%2Fmedia-desk%2F97%2F84%2F6d991c5d49ef96be9ccb5c0bf179%2Fl23220-lot1294.jpg']",Samson,https://www.sothebys.com/en/buy/auction/2023/arts-of-the-islamic-world-and-india-including-fine-rugs-and-carpets/a-samson-iznik-style-vase-with-animals-france-19th,Sothebys,Sothebys_2023-04-26_129,"['Sothebys_2023-04-26_129_01.jpg', 'Sothebys_2023-04-26_129_02.jpg', 'Sothebys_2023-04-26_129_03.jpg', 'Sothebys_2023-04-26_129_04.jpg']",,
23,"A pair of monumental Samson Iznik-style polychrome mosque lamps, France, 19th century",Arts of the Islamic World & India including Fine Rugs and Carpets,London,2022-10-26,26 October 2022,152,"['https://sothebys-md.brightspotcdn.com/dims4/default/3dae4a3/2147483647/strip/true/crop/2000x2000+0+0/resize/2048x2048!/quality/90/?url=http%3A%2F%2Fsothebys-brightspot.s3.amazonaws.com%2Fmedia-desk%2F89%2Fb6%2Fc3e019694c57bdac85ab23103b4b%2Fl22223-cct6y-01-t2.jpg', 'https://sothebys-md.brightspotcdn.com/dims4/default/1a5d5ea/2147483647/strip/true/crop/2000x2000+0+0/resize/2048x2048!/quality/90/?url=http%3A%2F%2Fsothebys-brightspot.s3.amazonaws.com%2Fmedia-desk%2F8d%2F28%2F664f906644a49339820f9bcec2b6%2Fl22223-cct6y-02-t2.jpg', 'https://sothebys-md.brightspotcdn.com/dims4/default/81dd3b0/2147483647/strip/true/crop/2000x2000+0+0/resize/2048x2048!/quality/90/?url=http%3A%2F%2Fsothebys-brightspot.s3.amazonaws.com%2Fmedia-desk%2Fb3%2F56%2F2efeae1646cb9a8a8376e6326ed9%2Fl22223-cct6y-03-t2.jpg', 'https://sothebys-md.brightspotcdn.com/dims4/default/2079cd9/2147483647/strip/true/crop/2000x2000+0+0/resize/2048x2048!/quality/90/?url=http%3A%2F%2Fsothebys-brightspot.s3.amazonaws.com%2Fmedia-desk%2Ff0%2F45%2F5278eba54537aa3a08524db3bb85%2Fl22223-cct6y-04-t2.jpg', 'https://sothebys-md.brightspotcdn.com/dims4/default/7481fb9/2147483647/strip/true/crop/2000x2000+0+0/resize/2048x2048!/quality/90/?url=http%3A%2F%2Fsothebys-brightspot.s3.amazonaws.com%2Fmedia-desk%2F68%2Fb6%2Ff6e8134f49129e940e6ff0092965%2Fl22223-cct6y-05-t2.jpg']",Samson,https://www.sothebys.com/en/buy/auction/2022/arts-of-the-islamic-world-india-including-fine-rugs-and-carpets-2/a-pair-of-monumental-samson-iznik-style-polychrome,Sothebys,Sothebys_2022-10-26_152,"['Sothebys_2022-10-26_152_01.jpg', 'Sothebys_2022-10-26_152_02.jpg', 'Sothebys_2022-10-26_152_03.jpg', 'Sothebys_2022-10-26_152_04.jpg', 'Sothebys_2022-10-26_152_05.jpg']",,
24,"Samson | French, 19th century | Iznik-style Tankard ",Old Master Sculpture & Early Jewels,London,2021-12-01,01 December 2021,132,['https://sothebys-md.brightspotcdn.com/dims4/default/dfd77e1/2147483647/strip/true/crop/2000x2000+0+0/resize/2048x2048!/quality/90/?url=http%3A%2F%2Fsothebys-brightspot.s3.amazonaws.com%2Fmedia-desk%2F5d%2F5b%2F2858ce5648bea3fbf12bfceb5ae0%2Fl21233-c49gw-01-t3.jpg'],Samson,https://www.sothebys.com/en/buy/auction/2021/old-master-sculpture-early-jewels/samson-french-19th-century-iznik-style-tankard,Sothebys,Sothebys_2021-12-01_132,['Sothebys_2021-12-01_132_01.jpg'],,
25,"A large Samson Iznik-style pottery bottle vase, France, 19th century",Arts of the Islamic World & India including Fine Rugs and Carpets,London,2021-10-27,27 October 2021,257,"['https://sothebys-md.brightspotcdn.com/dims4/default/190a085/2147483647/strip/true/crop/2000x2000+0+0/resize/2048x2048!/quality/90/?url=http%3A%2F%2Fsothebys-brightspot.s3.amazonaws.com%2Fmedia-desk%2F8e%2Fca%2Ff7f438c2416e8e74c9c282446d7f%2Fl21223-bzp42-1.jpg', 'https://sothebys-md.brightspotcdn.com/dims4/default/ab283af/2147483647/strip/true/crop/2000x2000+0+0/resize/2048x2048!/quality/90/?url=http%3A%2F%2Fsothebys-brightspot.s3.amazonaws.com%2Fmedia-desk%2F46%2Ff2%2Fe9678a614c879dca0207a873cee0%2Fl21223-bzp42-2.jpg']",Samson,https://www.sothebys.com/en/buy/auction/2021/arts-of-the-islamic-world-india-including-fine-rugs-and-carpets-2/a-large-samson-iznik-style-pottery-bottle-vase,Sothebys,Sothebys_2021-10-27_257,"['Sothebys_2021-10-27_257_01.jpg', 'Sothebys_2021-10-27_257_02.jpg']",,
26,"A Samson Iznik-style pottery jug with boats, France, 19th century",Arts of the Islamic World & India including Fine Rugs and Carpets,London,2021-10-27,27 October 2021,255,"['https://sothebys-md.brightspotcdn.com/dims4/default/9cf506b/2147483647/strip/true/crop/2000x2000+0+0/resize/2048x2048!/quality/90/?url=http%3A%2F%2Fsothebys-brightspot.s3.amazonaws.com%2Fmedia-desk%2Ffd%2F3c%2Fe9cf45d24404aee88fd75f809c5d%2Fl21223-bzp45-1.jpg', 'https://sothebys-md.brightspotcdn.com/dims4/default/e5b0def/2147483647/strip/true/crop/2000x2000+0+0/resize/2048x2048!/quality/90/?url=http%3A%2F%2Fsothebys-brightspot.s3.amazonaws.com%2Fmedia-desk%2F2a%2F68%2F86b9b6164c6292ff6783212d1d06%2Fl21223-bzp45-2.jpg']",Samson,https://www.sothebys.com/en/buy/auction/2021/arts-of-the-islamic-world-india-including-fine-rugs-and-carpets-2/a-samson-iznik-style-pottery-jug-with-boats-france,Sothebys,Sothebys_2021-10-27_255,"['Sothebys_2021-10-27_255_01.jpg', 'Sothebys_2021-10-27_255_02.jpg']",,
27,"A Samson Iznik-style pottery jardinière, France, 19th century",Arts of the Islamic World & India including Fine Rugs and Carpets,London,2021-03-31,31 March 2021,127,"['https://sothebys-md.brightspotcdn.com/dims4/default/1dda587/2147483647/strip/true/crop/2000x2000+0+0/resize/2048x2048!/quality/90/?url=http%3A%2F%2Fsothebys-brightspot.s3.amazonaws.com%2Fmedia-desk%2F5f%2Ffe%2Fef2e23be4405a1d512b2167767a9%2Fl21220-bstjj-1.jpg', 'https://sothebys-md.brightspotcdn.com/dims4/default/daf446c/2147483647/strip/true/crop/2000x2000+0+0/resize/2048x2048!/quality/90/?url=http%3A%2F%2Fsothebys-brightspot.s3.amazonaws.com%2Fmedia-desk%2F25%2F20%2Fd275c57749dd88201f7b93e59fc6%2Fl21220-bstjj-2.jpg']",Samson,https://www.sothebys.com/en/buy/auction/2021/arts-of-the-islamic-world-india-including-fine-rugs-and-carpets/a-samson-iznik-style-pottery-jardiniere-france,Sothebys,Sothebys_2021-03-31_127,"['Sothebys_2021-03-31_127_01.jpg', 'Sothebys_2021-03-31_127_02.jpg']",,
28,"A large Iznik-style earthenware ewer, possibly Samson, France, circa 1895",Arts of the Islamic World & India including Fine Rugs and Carpets,London,2021-03-31,31 March 2021,133,"['https://sothebys-md.brightspotcdn.com/dims4/default/4a5d6d9/2147483647/strip/true/crop/2000x2000+0+0/resize/2048x2048!/quality/90/?url=http%3A%2F%2Fsothebys-brightspot.s3.amazonaws.com%2Fmedia-desk%2F11%2Ff0%2F24a6811e43879385a5c05b3d383f%2Fl21220-bstjf-1.jpg', 'https://sothebys-md.brightspotcdn.com/dims4/default/35eac88/2147483647/strip/true/crop/2000x2000+0+0/resize/2048x2048!/quality/90/?url=http%3A%2F%2Fsothebys-brightspot.s3.amazonaws.com%2Fmedia-desk%2Fd7%2Fef%2F3c46018e40bc83f61c9450f7d8e5%2Fl21220-bstjf-2.jpg']",Samson,https://www.sothebys.com/en/buy/auction/2021/arts-of-the-islamic-world-india-including-fine-rugs-and-carpets/a-large-iznik-style-earthenware-ewer-possibly,Sothebys,Sothebys_2021-03-31_133,"['Sothebys_2021-03-31_133_01.jpg', 'Sothebys_2021-03-31_133_02.jpg']",,
29,"A Samson Iznik-style pottery footed bowl, France, 19th century",Arts of the Islamic World & India including Fine Rugs and Carpets,London,2021-03-31,31 March 2021,126,"['https://sothebys-md.brightspotcdn.com/dims4/default/01a6158/2147483647/strip/true/crop/2000x2000+0+0/resize/2048x2048!/quality/90/?url=http%3A%2F%2Fsothebys-brightspot.s3.amazonaws.com%2Fmedia-desk%2Fb4%2F50%2F9316850847adbc93da623ea678ec%2Fl21220-bqs55-1.jpg', 'https://sothebys-md.brightspotcdn.com/dims4/default/a880299/2147483647/strip/true/crop/2000x2000+0+0/resize/2048x2048!/quality/90/?url=http%3A%2F%2Fsothebys-brightspot.s3.amazonaws.com%2Fmedia-desk%2F62%2F15%2Ff27efc3e47e08769590de022883a%2Fl21220-bqs55-2.jpg']",Samson,https://www.sothebys.com/en/buy/auction/2021/arts-of-the-islamic-world-india-including-fine-rugs-and-carpets/a-samson-iznik-style-pottery-footed-bowl-france,Sothebys,Sothebys_2021-03-31_126,"['Sothebys_2021-03-31_126_01.jpg', 'Sothebys_2021-03-31_126_02.jpg']",,
30,"A SAMSON IZNIK-STYLE POTTERY FOOTED BOWL, FRANCE, 19TH CENTURY",Arts of the Islamic World & India including Fine Rugs and Carpets,London,2020-10-27,27 October 2020,513,"['https://sothebys-md.brightspotcdn.com/dims4/default/c7c5044/2147483647/strip/true/crop/2000x1482+0+0/resize/2048x1518!/quality/90/?url=http%3A%2F%2Fsothebys-brightspot.s3.amazonaws.com%2Fmedia-desk%2F6d%2F76%2F024020894967bf1b4c3f45b33cbb%2F110l20223-bn7s2-01.jpg', 'https://sothebys-md.brightspotcdn.com/dims4/default/686df14/2147483647/strip/true/crop/2000x1500+0+0/resize/2048x1536!/quality/90/?url=http%3A%2F%2Fsothebys-brightspot.s3.amazonaws.com%2Fmedia-desk%2F71%2F8b%2F8e74fe1147d9b663fcf541296e0c%2F110l20223-bn7s2-02.jpg']",Samson,https://www.sothebys.com/en/buy/auction/2020/arts-of-the-islamic-world-india-including-fine-rugs-and-carpets/a-samson-iznik-style-pottery-footed-bowl-france,Sothebys,Sothebys_2020-10-27_513,"['Sothebys_2020-10-27_513_01.jpg', 'Sothebys_2020-10-27_513_02.jpg']",,
31,"A LARGE SAMSON IZNIK-STYLE POTTERY DISH WITH A PEACOCK, FRANCE, 19TH CENTURY",Arts of the Islamic World & India including Fine Rugs and Carpets,London,2020-10-27,27 October 2020,505,['https://sothebys-md.brightspotcdn.com/dims4/default/b9c646d/2147483647/strip/true/crop/1981x2000+0+0/resize/2048x2068!/quality/90/?url=http%3A%2F%2Fsothebys-brightspot.s3.amazonaws.com%2Fmedia-desk%2Fbe%2F5f%2Ffa1a201d481787507d0acef77cc2%2F113l20223-bn7s5-01.jpg'],Samson,https://www.sothebys.com/en/buy/auction/2020/arts-of-the-islamic-world-india-including-fine-rugs-and-carpets/a-large-samson-iznik-style-pottery-dish-with-a,Sothebys,Sothebys_2020-10-27_505,['Sothebys_2020-10-27_505_01.jpg'],,
32,"A SAMSON IZNIK-INSPIRED POTTERY EWER, FRANCE, 19TH CENTURY",Arts of the Islamic World & India including Fine Rugs and Carpets,London,2020-10-27,27 October 2020,508,"['https://sothebys-md.brightspotcdn.com/dims4/default/5ffaeeb/2147483647/strip/true/crop/1293x2000+0+0/resize/2048x3168!/quality/90/?url=http%3A%2F%2Fsothebys-brightspot.s3.amazonaws.com%2Fmedia-desk%2F9a%2F50%2F2b76c5c54692abf75adeefec2cd3%2F111l20223-bn7s3-01.jpg', 'https://sothebys-md.brightspotcdn.com/dims4/default/fa1fb08/2147483647/strip/true/crop/1500x2000+0+0/resize/2048x2731!/quality/90/?url=http%3A%2F%2Fsothebys-brightspot.s3.amazonaws.com%2Fmedia-desk%2F98%2F15%2F521085684d788e6f0f42db48c9d4%2F111l20223-bn7s3-02.jpg']",Samson,https://www.sothebys.com/en/buy/auction/2020/arts-of-the-islamic-world-india-including-fine-rugs-and-carpets/a-samson-iznik-inspired-pottery-ewer-france-19th,Sothebys,Sothebys_2020-10-27_508,"['Sothebys_2020-10-27_508_01.jpg', 'Sothebys_2020-10-27_508_02.jpg']",,
33,"AN UNUSUAL SAMSON IZNIK-STYLE POTTERY CANDLESTICK, FRANCE, 19TH CENTURY",Arts of the Islamic World & India including Fine Rugs and Carpets,London,2020-10-27,27 October 2020,516,"['https://sothebys-md.brightspotcdn.com/dims4/default/17bfeb7/2147483647/strip/true/crop/1483x2000+0+0/resize/2048x2762!/quality/90/?url=http%3A%2F%2Fsothebys-brightspot.s3.amazonaws.com%2Fmedia-desk%2F0f%2Fad%2F6313e6ab4c688f5dc3289c80c392%2F020l20223-bk7z4-2-wht.jpg', 'https://sothebys-md.brightspotcdn.com/dims4/default/6af852a/2147483647/strip/true/crop/1500x2000+0+0/resize/2048x2731!/quality/90/?url=http%3A%2F%2Fsothebys-brightspot.s3.amazonaws.com%2Fmedia-desk%2Fd2%2Fb6%2F61aeb0bd404aac691156a3362187%2F020l20223-bk7z4-1.jpg', 'https://sothebys-md.brightspotcdn.com/dims4/default/0ac2d92/2147483647/strip/true/crop/1500x2000+0+0/resize/2048x2731!/quality/90/?url=http%3A%2F%2Fsothebys-brightspot.s3.amazonaws.com%2Fmedia-desk%2F1c%2F34%2F7af0d8f345abbac8042dfe48be16%2F020l20223-bk7z4-3.jpg']",Samson,https://www.sothebys.com/en/buy/auction/2020/arts-of-the-islamic-world-india-including-fine-rugs-and-carpets/an-unusual-samson-iznik-style-pottery-candlestick,Sothebys,Sothebys_2020-10-27_516,"['Sothebys_2020-10-27_516_01.jpg', 'Sothebys_2020-10-27_516_02.jpg', 'Sothebys_2020-10-27_516_03.jpg']",,
34,"A LARGE SAMSON IZNIK-STYLE POTTERY JUG, FRANCE, 19TH CENTURY",Arts of the Islamic World & India including Fine Rugs & Carpets,London,2020-06-10,10 June 2020,229,['https://sothebys-md.brightspotcdn.com/dims4/default/3809f73/2147483647/strip/true/crop/1458x2000+0+0/resize/2048x2809!/quality/90/?url=http%3A%2F%2Fsothebys-brightspot.s3.amazonaws.com%2Fmedia-desk%2F09%2F33%2F20583f7b476d9a26924d55750cc7%2F187l20220-bhbrs.jpg'],Samson,https://www.sothebys.com/en/buy/auction/2020/arts-of-the-islamic-world-india-including-fine-rugs-carpets/a-large-samson-iznik-style-pottery-jug-france-19th,Sothebys,Sothebys_2020-06-10_229,['Sothebys_2020-06-10_229_01.jpg'],,
35,"A SAMSON PORCELAIN IZNIK-STYLE BASIN, FRANCE, LATE 19TH CENTURY |",Arts of the Islamic World,London,2018-10-24,24 October 2018,255,['https://sothebys-com.brightspotcdn.com/dims4/default/0785894/2147483647/strip/true/crop/2000x1395+0+0/resize/2880x2010!/quality/90/?url=http%3A%2F%2Fsothebys-brightspot.s3.amazonaws.com%2Fdotcom%2Fe9%2F19%2F19%2Fd77b2d2cc26e9536bbe82403a249937d955ffd79a88d810622c6a14bf4%2F095l18223-9xdwm.jpg'],Samson,https://www.sothebys.com/en/auctions/ecatalogue/2018/arts-of-the-islamic-world-l18223/lot.255.html,Sothebys,Sothebys_2018-10-24_255,['Sothebys_2018-10-24_255_01.jpg'],,
36,"A NEAR PAIR OF SAMSON PORCELAIN IZNIK-STYLE BOTTLE VASES, FRANCE, LATE 19TH CENTURY |",Arts of the Islamic World,London,2018-10-24,24 October 2018,235,['https://sothebys-com.brightspotcdn.com/dims4/default/464fddd/2147483647/strip/true/crop/1861x2000+0+0/resize/2880x3093!/quality/90/?url=http%3A%2F%2Fsothebys-brightspot.s3.amazonaws.com%2Fdotcom%2F96%2F1d%2F19%2Fa29f986ea79a864c626e20f588ffcfab32322d760411351691167d7f76%2F082l18223-9xbt2.jpg'],Samson,https://www.sothebys.com/en/auctions/ecatalogue/2018/arts-of-the-islamic-world-l18223/lot.235.html,Sothebys,Sothebys_2018-10-24_235,['Sothebys_2018-10-24_235_01.jpg'],,
37,"A pair of Samson faience bottle vases, circa 1870-1900",An Italian Aristocratic CollectionF&amp;D S/O Sale,London,2015-12-08,08 December 2015,103,['https://sothebys-com.brightspotcdn.com/dims4/default/7bac2ac/2147483647/strip/true/crop/1890x2000+0+0/resize/2880x3047!/quality/90/?url=http%3A%2F%2Fsothebys-brightspot-migration.s3.amazonaws.com%2Faf%2F8a%2F97%2Ffd44e32357edc3d8759b31ccecf9da6c03b29de788c902ae9fbed12ef0%2F509l15322-886jz.jpg'],Samson,https://www.sothebys.com/en/auctions/ecatalogue/2015/italian-aristocratic-collection-l15322/lot.103.html,Sothebys,Sothebys_2015-12-08_103,['Sothebys_2015-12-08_103_01.jpg'],,
38,A PAIR OF SAMSON PORCELAIN IZNIK-STYLE VASES LATE 19TH CENTURY,S/O Astor,New York,2012-09-24,24 September 2012,545,['https://sothebys-com.brightspotcdn.com/dims4/default/f0cb94f/2147483647/strip/true/crop/1976x2000+0+0/resize/2880x2916!/quality/90/?url=http%3A%2F%2Fsothebys-brightspot-migration.s3.amazonaws.com%2F5b%2F13%2F81%2F1b16d1ca169db3e28b73ac544dffe1d4890d8b8ff92836f86c896e7020%2F1575n08890-5lqds.jpg'],Samson,https://www.sothebys.com/en/auctions/ecatalogue/2012/property-from-the-estate-of-brooke-astor-n08890/lot.545.html,Sothebys,Sothebys_2012-09-24_545,['Sothebys_2012-09-24_545_01.jpg'],,
39,,,,,,,,,,,,,Invalid URL '': No scheme supplied. Perhaps you meant https://?,https://www.sothebys.com/en/auctions/ecatalogue/2005/exotica-sale-l05223/lot.221.html
40," A MONUMENTAL IZNIK-STYLE VASE, BOCH FRÈRES KERAMIS, BELGIUM, 19TH/20TH CENTURY",Arts of the Islamic World & India including Fine Rugs and Carpets,London,2020-10-27,27 October 2020,511,"['https://sothebys-md.brightspotcdn.com/dims4/default/c790998/2147483647/strip/true/crop/1518x2000+0+0/resize/2048x2698!/quality/90/?url=http%3A%2F%2Fsothebys-brightspot.s3.amazonaws.com%2Fmedia-desk%2F1c%2Fc9%2F07078a0d41ad85dd73192e6a5ecf%2Fl20223-bn7s4-01.jpg', 'https://sothebys-md.brightspotcdn.com/dims4/default/b1bcf9c/2147483647/strip/true/crop/1333x2000+0+0/resize/2048x3073!/quality/90/?url=http%3A%2F%2Fsothebys-brightspot.s3.amazonaws.com%2Fmedia-desk%2F22%2F11%2F72ccdf1e454d82f08afcb25806ec%2Fl20223-bn7s4-02.jpg']",Boch Frères Keramis,https://www.sothebys.com/en/buy/auction/2020/arts-of-the-islamic-world-india-including-fine-rugs-and-carpets/a-monumental-iznik-style-vase-boch-freres-keramis,Sothebys,Sothebys_2020-10-27_511,"['Sothebys_2020-10-27_511_01.jpg', 'Sothebys_2020-10-27_511_02.jpg']",,
41,"Cache-pot en faÏence de Keramis, Belgique, début du XXe siècle",Orientalist Sale,Paris,2007-10-24,24 October 2007,141,['https://sothebys-com.brightspotcdn.com/dims4/default/2da73f1/2147483647/strip/true/crop/2000x2000+0+0/resize/2880x2880!/quality/90/?url=http%3A%2F%2Fsothebys-brightspot-migration.s3.amazonaws.com%2F5e%2F30%2Fdd%2Fac5dd9eb833ba2ccf5a67ea797fcf2dd6d4c1612313207a9105e912dc6%2Fpf7023-141-lr-1.jpg'],Boch Frères Keramis,https://www.sothebys.com/en/auctions/ecatalogue/2007/orientalist-sale-pf7023/lot.141.html,Sothebys,Sothebys_2007-10-24_141,['Sothebys_2007-10-24_141_01.jpg'],,
42,"Grand plat en faÏence craquelée sur piédouche, Keramis, Belgique, vers 1930 - 1940",Orientalist Sale,Paris,2007-10-24,24 October 2007,142,['https://sothebys-com.brightspotcdn.com/dims4/default/06dde9e/2147483647/strip/true/crop/2000x2000+0+0/resize/2880x2880!/quality/90/?url=http%3A%2F%2Fsothebys-brightspot-migration.s3.amazonaws.com%2Fdb%2F7a%2F9f%2F8737b3814dde7f18023e26db0025b81714f06266e783295cbc68733359%2Fpf7023-142-lr-1.jpg'],Boch Frères Keramis,https://www.sothebys.com/en/auctions/ecatalogue/2007/orientalist-sale-pf7023/lot.142.html,Sothebys,Sothebys_2007-10-24_142,['Sothebys_2007-10-24_142_01.jpg'],,
43,"A monumental Hispano-Moresque pottery 'Alhambra-style' vase, Spain, late 19th century",Arts of the Islamic World,London,2018-04-25,25 April 2018,206,['https://sothebys-com.brightspotcdn.com/dims4/default/152b95d/2147483647/strip/true/crop/1316x2000+0+0/resize/2880x4382!/quality/90/?url=http%3A%2F%2Fsothebys-brightspot-migration.s3.amazonaws.com%2F6b%2Fac%2F85%2F3446907ae77bbca15d9ef4834fc43c4ac947370615add8960f629fd205%2F389l18220-9pnkc-1.jpg'],nd,https://www.sothebys.com/en/auctions/ecatalogue/2018/arts-of-the-islamic-world-l18220/lot.206.html?locale=en,Sothebys,Sothebys_2018-04-25_206,['Sothebys_2018-04-25_206_01.jpg'],,
44,"Plat en faÏence craquelée de Longwy par P.Mignon, vers 1940",Orientalist Sale,Paris,2007-10-24,24 October 2007,144,['https://sothebys-com.brightspotcdn.com/dims4/default/3298c13/2147483647/strip/true/crop/2000x2000+0+0/resize/2880x2880!/quality/90/?url=http%3A%2F%2Fsothebys-brightspot-migration.s3.amazonaws.com%2Fdf%2F2d%2Fd5%2Fc4ce90f0f0c9bc05e43fde60a299e01a33e7123247fb0e6d651d39d46b%2Fpf7023-144-lr-1.jpg'],Longwy,https://www.sothebys.com/en/auctions/ecatalogue/2007/orientalist-sale-pf7023/lot.144.html,Sothebys,Sothebys_2007-10-24_144,['Sothebys_2007-10-24_144_01.jpg'],,
45,"An Iznik-style jug and a Cantagalli Iznik-style tankard, Italy and France, 19th century",Arts of the Islamic World & India,London,2025-04-30,30 April 2025,683,"['https://sothebys-md.brightspotcdn.com/dims4/default/ade9e2a/2147483647/strip/true/crop/8039x8039+0+0/resize/4096x4096!/quality/90/?url=http%3A%2F%2Fsothebys-brightspot.s3.amazonaws.com%2Fmedia-desk%2Ffc%2F36%2Fb2b8fbcb41b485e6673273df54e7%2Fl25220-d75ck-t2-01.jpg', 'https://sothebys-md.brightspotcdn.com/dims4/default/1fba06f/2147483647/strip/true/crop/8039x8039+0+0/resize/4096x4096!/quality/90/?url=http%3A%2F%2Fsothebys-brightspot.s3.amazonaws.com%2Fmedia-desk%2F6b%2F51%2Ffac477144f1e82fa67c695e89686%2Fl25220-d75ck-t2-02.jpg', 'https://sothebys-md.brightspotcdn.com/dims4/default/4763510/2147483647/strip/true/crop/8039x8039+0+0/resize/4096x4096!/quality/90/?url=http%3A%2F%2Fsothebys-brightspot.s3.amazonaws.com%2Fmedia-desk%2F83%2F30%2Fa4552fd64e879d352a35c87bac8a%2Fl25220-d75ck-t2-03.jpg', 'https://sothebys-md.brightspotcdn.com/dims4/default/6149117/2147483647/strip/true/crop/8039x8039+0+0/resize/4096x4096!/quality/90/?url=http%3A%2F%2Fsothebys-brightspot.s3.amazonaws.com%2Fmedia-desk%2Fad%2F00%2Fa2aa71db43d0ab7b03ea474037db%2Fl25220-d75ck-t2-04.jpg', 'https://sothebys-md.brightspotcdn.com/dims4/default/62f49ef/2147483647/strip/true/crop/7881x7881+0+0/resize/4096x4096!/quality/90/?url=http%3A%2F%2Fsothebys-brightspot.s3.amazonaws.com%2Fmedia-desk%2F1f%2F08%2F2f242704441cbb6f9626557dc84f%2Fl25220-d75ck-t2-05.jpg']",Cantagalli,https://www.sothebys.com/en/buy/auction/2025/arts-of-the-islamic-world-india-l25220/an-iznik-style-jug-and-a-cantagalli-iznik-style,Sothebys,Sothebys_2025-04-30_683,"['Sothebys_2025-04-30_683_01.jpg', 'Sothebys_2025-04-30_683_02.jpg', 'Sothebys_2025-04-30_683_03.jpg', 'Sothebys_2025-04-30_683_04.jpg', 'Sothebys_2025-04-30_683_05.jpg']",,
46,"Two Cantagalli Iznik-style bottle vases, Italy, 19th century",Arts of the Islamic World & India,London,2025-04-30,30 April 2025,684,"['https://sothebys-md.brightspotcdn.com/dims4/default/f2a9d22/2147483647/strip/true/crop/8952x8953+0+0/resize/4096x4096!/quality/90/?url=http%3A%2F%2Fsothebys-brightspot.s3.amazonaws.com%2Fmedia-desk%2Fc8%2Fa6%2Fade173b94fd7b5cb2eb1d1ea14f5%2Fl25220-d75cl-t2-01.jpg', 'https://sothebys-md.brightspotcdn.com/dims4/default/c0c9334/2147483647/strip/true/crop/8948x8947+0+0/resize/4096x4096!/quality/90/?url=http%3A%2F%2Fsothebys-brightspot.s3.amazonaws.com%2Fmedia-desk%2F46%2F9c%2Fba8ee81943a792b1405e5453ca46%2Fl25220-d75cl-t2-02.jpg', 'https://sothebys-md.brightspotcdn.com/dims4/default/fc70a1a/2147483647/strip/true/crop/8952x8953+0+0/resize/4096x4096!/quality/90/?url=http%3A%2F%2Fsothebys-brightspot.s3.amazonaws.com%2Fmedia-desk%2Fa2%2F44%2F1a2208514d849dda112347846b1f%2Fl25220-d75cl-t2-03.jpg', 'https://sothebys-md.brightspotcdn.com/dims4/default/14f29ea/2147483647/strip/true/crop/8952x8953+0+0/resize/4096x4096!/quality/90/?url=http%3A%2F%2Fsothebys-brightspot.s3.amazonaws.com%2Fmedia-desk%2F59%2F19%2F0aacd1664e97b3edf1d046039238%2Fl25220-d75cl-t2-04.jpg', 'https://sothebys-md.brightspotcdn.com/dims4/default/b1e27ac/2147483647/strip/true/crop/7940x7940+0+0/resize/4096x4096!/quality/90/?url=http%3A%2F%2Fsothebys-brightspot.s3.amazonaws.com%2Fmedia-desk%2F73%2F8c%2Fbb09583c41eeb837b771a953aa24%2Fl25220-d75cl-t2-05.jpg']",Cantagalli,https://www.sothebys.com/en/buy/auction/2025/arts-of-the-islamic-world-india-l25220/two-cantagalli-iznik-style-bottle-vases-italy-19th,Sothebys,Sothebys_2025-04-30_684,"['Sothebys_2025-04-30_684_01.jpg', 'Sothebys_2025-04-30_684_02.jpg', 'Sothebys_2025-04-30_684_03.jpg', 'Sothebys_2025-04-30_684_04.jpg', 'Sothebys_2025-04-30_684_05.jpg']",,
47,"A Cantagalli Iznik-style pottery footed bowl, Italy, 19th century",Arts of the Islamic World and India,London,2024-04-24,24 April 2024,209,"['https://sothebys-md.brightspotcdn.com/dims4/default/68beb7e/2147483647/strip/true/crop/8984x8984+0+0/resize/4096x4096!/quality/90/?url=http%3A%2F%2Fsothebys-brightspot.s3.amazonaws.com%2Fmedia-desk%2F21%2F3a%2F561659d34b3485fd917e0b4a847e%2Fl24220-cxbmg-t2-01.jpg', 'https://sothebys-md.brightspotcdn.com/dims4/default/dd195ba/2147483647/strip/true/crop/8984x8984+0+0/resize/4096x4096!/quality/90/?url=http%3A%2F%2Fsothebys-brightspot.s3.amazonaws.com%2Fmedia-desk%2F2b%2Fb1%2Fbf726b374e86aa63a677fb16704d%2Fl24220-cxbmg-t2-02.jpg', 'https://sothebys-md.brightspotcdn.com/dims4/default/112ffc1/2147483647/strip/true/crop/7744x7744+0+0/resize/4096x4096!/quality/90/?url=http%3A%2F%2Fsothebys-brightspot.s3.amazonaws.com%2Fmedia-desk%2F53%2F07%2Fae29e1ba4169831b6b16cbcff122%2Fl24220-cxbmg-t2-03.jpg', 'https://sothebys-md.brightspotcdn.com/dims4/default/5db72cd/2147483647/strip/true/crop/8164x8164+0+0/resize/4096x4096!/quality/90/?url=http%3A%2F%2Fsothebys-brightspot.s3.amazonaws.com%2Fmedia-desk%2Fa1%2F7f%2Fe974e30c4fad8ade02558d7aaa57%2Fl24220-cxbmg-t2-04.jpg']",Cantagalli,https://www.sothebys.com/en/buy/auction/2024/arts-of-the-islamic-world-and-india/a-cantagalli-iznik-style-pottery-footed-bowl-italy,Sothebys,Sothebys_2024-04-24_209,"['Sothebys_2024-04-24_209_01.jpg', 'Sothebys_2024-04-24_209_02.jpg', 'Sothebys_2024-04-24_209_03.jpg', 'Sothebys_2024-04-24_209_04.jpg']",,
48,"A large Cantagalli Iznik-style dish with fish-scale and cintamani, Italy, 19th century","Arts of the Islamic World and India, including Fine Rugs and Carpets",London,2023-04-26,26 April 2023,131,"['https://sothebys-md.brightspotcdn.com/dims4/default/eae40d3/2147483647/strip/true/crop/2000x2000+0+0/resize/2048x2048!/quality/90/?url=http%3A%2F%2Fsothebys-brightspot.s3.amazonaws.com%2Fmedia-desk%2Fwebnative%2Fimages%2Fa6%2F80%2F32a6001e41e39a42b7ac8dd0cb0a%2Fl23220-cl4fr-t2-01.jpg', 'https://sothebys-md.brightspotcdn.com/dims4/default/cda1a9c/2147483647/strip/true/crop/2000x2000+0+0/resize/2048x2048!/quality/90/?url=http%3A%2F%2Fsothebys-brightspot.s3.amazonaws.com%2Fmedia-desk%2Fwebnative%2Fimages%2F9a%2F87%2F00c54c5f41628f1f0707a137a055%2Fl23220-cl4fr-t2-02.jpg']",Cantagalli,https://www.sothebys.com/en/buy/auction/2023/arts-of-the-islamic-world-and-india-including-fine-rugs-and-carpets/a-large-cantagalli-iznik-style-dish-with-fish,Sothebys,Sothebys_2023-04-26_131,"['Sothebys_2023-04-26_131_01.jpg', 'Sothebys_2023-04-26_131_02.jpg']",,
49,"A large Iznik-style footed bowl, by Cantagalli, Italy, 19th century",Arts of the Islamic World & India including Fine Rugs and Carpets,London,2022-10-26,26 October 2022,149,"['https://sothebys-md.brightspotcdn.com/dims4/default/37ab237/2147483647/strip/true/crop/2000x2000+0+0/resize/2048x2048!/quality/90/?url=http%3A%2F%2Fsothebys-brightspot.s3.amazonaws.com%2Fmedia-desk%2Fd7%2F80%2F5ac26bf442878bd45ecdf1807a19%2Fl22223-ccsbp-03-t2.jpg', 'https://sothebys-md.brightspotcdn.com/dims4/default/9810cf8/2147483647/strip/true/crop/2000x2000+0+0/resize/2048x2048!/quality/90/?url=http%3A%2F%2Fsothebys-brightspot.s3.amazonaws.com%2Fmedia-desk%2Fe8%2F8a%2Fda9dd8054de2ab6dd38421c459eb%2Fl22223-ccsbp-01-t2.jpg', 'https://sothebys-md.brightspotcdn.com/dims4/default/ca9645d/2147483647/strip/true/crop/2000x2000+0+0/resize/2048x2048!/quality/90/?url=http%3A%2F%2Fsothebys-brightspot.s3.amazonaws.com%2Fmedia-desk%2Ff1%2Fda%2Ff3887888456ca519ea495c1493c7%2Fl22223-ccsbp-02-t2.jpg', 'https://sothebys-md.brightspotcdn.com/dims4/default/97459a0/2147483647/strip/true/crop/2000x2000+0+0/resize/2048x2048!/quality/90/?url=http%3A%2F%2Fsothebys-brightspot.s3.amazonaws.com%2Fmedia-desk%2Ff8%2Fdb%2Faeeada9a497bb1c891b545349293%2Fl22223-ccsbp-04-t2.jpg']",Cantagalli,https://www.sothebys.com/en/buy/auction/2022/arts-of-the-islamic-world-india-including-fine-rugs-and-carpets-2/a-large-iznik-style-footed-bowl-by-cantagalli,Sothebys,Sothebys_2022-10-26_149,"['Sothebys_2022-10-26_149_01.jpg', 'Sothebys_2022-10-26_149_02.jpg', 'Sothebys_2022-10-26_149_03.jpg', 'Sothebys_2022-10-26_149_04.jpg']",,
50,"A Large Cantagalli Iznik-Style Pottery Vase, Late 19th Century ","Design 17/20: Silver, Furniture & Ceramics",New York,2022-10-07,07 October 2022,417,"['https://sothebys-md.brightspotcdn.com/dims4/default/128eab3/2147483647/strip/true/crop/4802x4802+0+0/resize/2048x2048!/quality/90/?url=http%3A%2F%2Fsothebys-brightspot.s3.amazonaws.com%2Fmedia-desk%2F8e%2Ff5%2Fda3523994669a93f4b97dfe40394%2F318n11077-c8l85-01.jpg', 'https://sothebys-md.brightspotcdn.com/dims4/default/2449b6d/2147483647/strip/true/crop/7274x7274+0+0/resize/2048x2048!/quality/90/?url=http%3A%2F%2Fsothebys-brightspot.s3.amazonaws.com%2Fmedia-desk%2Ffa%2Fd0%2F730fa43f46fe8ee75d053dcaf201%2F318n11077-c8l85-02.jpg', 'https://sothebys-md.brightspotcdn.com/dims4/default/a473daa/2147483647/strip/true/crop/7062x7062+0+0/resize/2048x2048!/quality/90/?url=http%3A%2F%2Fsothebys-brightspot.s3.amazonaws.com%2Fmedia-desk%2Fe4%2F49%2F645d2dfd456fa13a507b3057c151%2F318n11077-c8l85-03.jpg', 'https://sothebys-md.brightspotcdn.com/dims4/default/6dc4498/2147483647/strip/true/crop/6971x6971+0+0/resize/2048x2048!/quality/90/?url=http%3A%2F%2Fsothebys-brightspot.s3.amazonaws.com%2Fmedia-desk%2Fb9%2Fc7%2F5f2fa55d43f2950ef8cf080387fd%2F318n11077-c8l85-04.jpg', 'https://sothebys-md.brightspotcdn.com/dims4/default/16e471e/2147483647/strip/true/crop/8280x8280+0+0/resize/2048x2048!/quality/90/?url=http%3A%2F%2Fsothebys-brightspot.s3.amazonaws.com%2Fmedia-desk%2Fad%2Fbb%2Ff8baf31f42a7891fca254169f00b%2F318n11077-c8l85-05.jpg']",Cantagalli,https://www.sothebys.com/en/buy/auction/2022/design-17-20-silver-furniture-ceramics/a-large-cantagalli-iznik-style-pottery-vase-late,Sothebys,Sothebys_2022-10-07_417,"['Sothebys_2022-10-07_417_01.jpg', 'Sothebys_2022-10-07_417_02.jpg', 'Sothebys_2022-10-07_417_03.jpg', 'Sothebys_2022-10-07_417_04.jpg', 'Sothebys_2022-10-07_417_05.jpg']",,
51,"A monumental Iznik-style pottery vase, probably Cantagalli, Italy, late 19th century",Arts of the Islamic World & India including Fine Rugs and Carpets,London,2022-03-30,30 March 2022,155,"['https://sothebys-md.brightspotcdn.com/dims4/default/eca836b/2147483647/strip/true/crop/2000x2000+0+0/resize/2048x2048!/quality/90/?url=http%3A%2F%2Fsothebys-brightspot.s3.amazonaws.com%2Fmedia-desk%2Fb1%2Feb%2Fbb0ad17445628df897fb93f80b27%2Fl22220-c5wmf-01-t2.jpg', 'https://sothebys-md.brightspotcdn.com/dims4/default/19499f7/2147483647/strip/true/crop/2000x2000+0+0/resize/2048x2048!/quality/90/?url=http%3A%2F%2Fsothebys-brightspot.s3.amazonaws.com%2Fmedia-desk%2Fc1%2Fb4%2Fa905abee48ab98f00c9bd98887e6%2Fl22220-c5wmf-02-t2.jpg', 'https://sothebys-md.brightspotcdn.com/dims4/default/7ad8401/2147483647/strip/true/crop/2000x2000+0+0/resize/2048x2048!/quality/90/?url=http%3A%2F%2Fsothebys-brightspot.s3.amazonaws.com%2Fmedia-desk%2Ffd%2Fc1%2F4388b71e4e25a1ffdf9621e5a9c5%2Fl22220-c5wmf-03-t2.jpg', 'https://sothebys-md.brightspotcdn.com/dims4/default/162a8f8/2147483647/strip/true/crop/2000x2000+0+0/resize/2048x2048!/quality/90/?url=http%3A%2F%2Fsothebys-brightspot.s3.amazonaws.com%2Fmedia-desk%2F24%2Fa7%2F311c9f8040399e71c324ce687c02%2Fl22220-c5wmf-04-t2.jpg']",Cantagalli,https://www.sothebys.com/en/buy/auction/2022/arts-of-the-islamic-world-india-including-fine-rugs-and-carpets/a-monumental-iznik-style-pottery-vase-probably,Sothebys,Sothebys_2022-03-30_155,"['Sothebys_2022-03-30_155_01.jpg', 'Sothebys_2022-03-30_155_02.jpg', 'Sothebys_2022-03-30_155_03.jpg', 'Sothebys_2022-03-30_155_04.jpg']",,
52,"A large Cantagalli Iznik-style pottery footed bowl, 19th century",Style: New York,New York,2021-10-12,12 October 2021,316,"['https://sothebys-md.brightspotcdn.com/dims4/default/f71b3f8/2147483647/strip/true/crop/2000x2000+0+0/resize/2048x2048!/quality/90/?url=http%3A%2F%2Fsothebys-brightspot.s3.amazonaws.com%2Fmedia-desk%2Fb5%2Fdd%2F01433bb942a3b89480345c22dbc5%2F126n10771-bz928-6.jpg', 'https://sothebys-md.brightspotcdn.com/dims4/default/c6912f2/2147483647/strip/true/crop/2000x2000+0+0/resize/2048x2048!/quality/90/?url=http%3A%2F%2Fsothebys-brightspot.s3.amazonaws.com%2Fmedia-desk%2F0c%2F8f%2Fbb9f45c4479384e35e9b1bf16521%2F126n10771-bz928-1.jpg', 'https://sothebys-md.brightspotcdn.com/dims4/default/acbbf8b/2147483647/strip/true/crop/2000x2000+0+0/resize/2048x2048!/quality/90/?url=http%3A%2F%2Fsothebys-brightspot.s3.amazonaws.com%2Fmedia-desk%2F10%2F53%2Feeb316d944e1a5a8fc8fb34def40%2F126n10771-bz928-3.jpg', 'https://sothebys-md.brightspotcdn.com/dims4/default/b23666f/2147483647/strip/true/crop/2000x2000+0+0/resize/2048x2048!/quality/90/?url=http%3A%2F%2Fsothebys-brightspot.s3.amazonaws.com%2Fmedia-desk%2Fef%2Fdb%2Fd4a822d84cf2993b887138ecc67c%2F126n10771-bz928-5.jpg', 'https://sothebys-md.brightspotcdn.com/dims4/default/cdeabae/2147483647/strip/true/crop/2000x2000+0+0/resize/2048x2048!/quality/90/?url=http%3A%2F%2Fsothebys-brightspot.s3.amazonaws.com%2Fmedia-desk%2Fb6%2F87%2F766809904bc99d6f16f7187339f6%2F126n10771-bz928-7.jpg']",Cantagalli,https://www.sothebys.com/en/buy/auction/2021/style/a-large-cantagalli-iznik-style-pottery-footed-bowl,Sothebys,Sothebys_2021-10-12_316,"['Sothebys_2021-10-12_316_01.jpg', 'Sothebys_2021-10-12_316_02.jpg', 'Sothebys_2021-10-12_316_03.jpg', 'Sothebys_2021-10-12_316_04.jpg', 'Sothebys_2021-10-12_316_05.jpg']",,
53,"A large Cantagalli Iznik-style pottery footed bowl, Italy, 19th century",Arts of the Islamic World & India including Fine Rugs and Carpets,London,2021-10-27,27 October 2021,256,"['https://sothebys-md.brightspotcdn.com/dims4/default/9242f3d/2147483647/strip/true/crop/2000x2000+0+0/resize/2048x2048!/quality/90/?url=http%3A%2F%2Fsothebys-brightspot.s3.amazonaws.com%2Fmedia-desk%2F26%2F29%2F4f00cea94ab39cc0a69e93b0de94%2Fl21223-bzp3z-1.jpg', 'https://sothebys-md.brightspotcdn.com/dims4/default/7302f15/2147483647/strip/true/crop/2000x2000+0+0/resize/2048x2048!/quality/90/?url=http%3A%2F%2Fsothebys-brightspot.s3.amazonaws.com%2Fmedia-desk%2F2a%2F20%2Fe4fd6fc546cb9cb1845ba732fc31%2Fl21223-bzp3z-2.jpg', 'https://sothebys-md.brightspotcdn.com/dims4/default/9a1c7e7/2147483647/strip/true/crop/2000x2000+0+0/resize/2048x2048!/quality/90/?url=http%3A%2F%2Fsothebys-brightspot.s3.amazonaws.com%2Fmedia-desk%2F99%2F56%2F217f44c148fabc2703a86a9d6eca%2Fl21223-bzp3z-3.jpg']",Cantagalli,https://www.sothebys.com/en/buy/auction/2021/arts-of-the-islamic-world-india-including-fine-rugs-and-carpets-2/a-large-cantagalli-iznik-style-pottery-footed-bowl,Sothebys,Sothebys_2021-10-27_256,"['Sothebys_2021-10-27_256_01.jpg', 'Sothebys_2021-10-27_256_02.jpg', 'Sothebys_2021-10-27_256_03.jpg']",,
54,"A Cantagalli Iznik-style pottery jug decorated with cintamani and tulips, Italy, 19th century",Arts of the Islamic World & India including Fine Rugs and Carpets,London,2021-10-27,27 October 2021,254,"['https://sothebys-md.brightspotcdn.com/dims4/default/6fb4a68/2147483647/strip/true/crop/2000x2000+0+0/resize/2048x2048!/quality/90/?url=http%3A%2F%2Fsothebys-brightspot.s3.amazonaws.com%2Fmedia-desk%2Fdb%2F57%2F889ace424f2ca7b0b4dd4af59dba%2Fl21223-bzp43-1.jpg', 'https://sothebys-md.brightspotcdn.com/dims4/default/be6d177/2147483647/strip/true/crop/2000x2000+0+0/resize/2048x2048!/quality/90/?url=http%3A%2F%2Fsothebys-brightspot.s3.amazonaws.com%2Fmedia-desk%2Fbd%2Fb4%2F7a696b2c463f980d9543aea446ad%2Fl21223-bzp43-2.jpg']",Cantagalli,https://www.sothebys.com/en/buy/auction/2021/arts-of-the-islamic-world-india-including-fine-rugs-and-carpets-2/a-cantagalli-iznik-style-pottery-jug-decorated,Sothebys,Sothebys_2021-10-27_254,"['Sothebys_2021-10-27_254_01.jpg', 'Sothebys_2021-10-27_254_02.jpg']",,
55,"A Cantagalli Iznik-style pottery footed bowl, Italy, 19th century",Arts of the Islamic World & India including Fine Rugs and Carpets,London,2021-03-31,31 March 2021,128,"['https://sothebys-md.brightspotcdn.com/dims4/default/cddda4a/2147483647/strip/true/crop/2000x2000+0+0/resize/2048x2048!/quality/90/?url=http%3A%2F%2Fsothebys-brightspot.s3.amazonaws.com%2Fmedia-desk%2F0a%2F46%2F0e6956684c54b6aa7851944ab6b4%2Fl21220-bstjd-1.jpg', 'https://sothebys-md.brightspotcdn.com/dims4/default/92cac0f/2147483647/strip/true/crop/2000x2000+0+0/resize/2048x2048!/quality/90/?url=http%3A%2F%2Fsothebys-brightspot.s3.amazonaws.com%2Fmedia-desk%2F9e%2F14%2F3f659c804e96ae191d0556df1367%2Fl21220-bstjd-2.jpg']",Cantagalli,https://www.sothebys.com/en/buy/auction/2021/arts-of-the-islamic-world-india-including-fine-rugs-and-carpets/a-cantagalli-iznik-style-pottery-footed-bowl-italy,Sothebys,Sothebys_2021-03-31_128,"['Sothebys_2021-03-31_128_01.jpg', 'Sothebys_2021-03-31_128_02.jpg']",,
56,"A LARGE CANTAGALLI IZNIK-STYLE POTTERY DISH, ITALY, 19TH CENTURY",Arts of the Islamic World & India including Fine Rugs and Carpets,London,2020-10-27,27 October 2020,506,"['https://sothebys-md.brightspotcdn.com/dims4/default/dc80f33/2147483647/strip/true/crop/2000x1965+0+0/resize/2048x2012!/quality/90/?url=http%3A%2F%2Fsothebys-brightspot.s3.amazonaws.com%2Fmedia-desk%2Fa1%2Fc5%2F42513c904d36aab9478c74833979%2F108l20223-bn7ry-01.jpg', 'https://sothebys-md.brightspotcdn.com/dims4/default/1c68de1/2147483647/strip/true/crop/2000x1500+0+0/resize/2048x1536!/quality/90/?url=http%3A%2F%2Fsothebys-brightspot.s3.amazonaws.com%2Fmedia-desk%2Fb9%2Ff4%2Fee4e7473485fb0d976f1d73b8698%2F108l20223-bn7ry-02.jpg']",Cantagalli,https://www.sothebys.com/en/buy/auction/2020/arts-of-the-islamic-world-india-including-fine-rugs-and-carpets/a-large-cantagalli-iznik-style-pottery-dish-italy,Sothebys,Sothebys_2020-10-27_506,"['Sothebys_2020-10-27_506_01.jpg', 'Sothebys_2020-10-27_506_02.jpg']",,
57,"A CANTAGALLI IZNIK-STYLE LIDDED EWER, ITALY, 19TH CENTURY",Arts of the Islamic World & India including Fine Rugs and Carpets,London,2020-10-27,27 October 2020,510,"['https://sothebys-md.brightspotcdn.com/dims4/default/1d9ec70/2147483647/strip/true/crop/1537x2000+0+0/resize/2048x2665!/quality/90/?url=http%3A%2F%2Fsothebys-brightspot.s3.amazonaws.com%2Fmedia-desk%2F29%2F4a%2F02c7fb3e409a8843c74202057bbd%2F107l20223-bn7qk-02.jpg', 'https://sothebys-md.brightspotcdn.com/dims4/default/9b48d1a/2147483647/strip/true/crop/1500x2000+0+0/resize/2048x2731!/quality/90/?url=http%3A%2F%2Fsothebys-brightspot.s3.amazonaws.com%2Fmedia-desk%2F6e%2Fb9%2F83be7dd047b4bb818a5a2c0e0075%2F107l20223-bn7qk-01.jpg']",Cantagalli,https://www.sothebys.com/en/buy/auction/2020/arts-of-the-islamic-world-india-including-fine-rugs-and-carpets/a-cantagalli-iznik-style-lidded-ewer-italy-19th,Sothebys,Sothebys_2020-10-27_510,"['Sothebys_2020-10-27_510_01.jpg', 'Sothebys_2020-10-27_510_02.jpg']",,
58,"A LARGE CANTAGALLI IZNIK-STYLE POTTERY FOOTED BOWL, ITALY, 19TH CENTURY",Arts of the Islamic World & India including Fine Rugs & Carpets,London,2020-06-10,10 June 2020,230,"['https://sothebys-md.brightspotcdn.com/dims4/default/adf2362/2147483647/strip/true/crop/2000x1567+0+0/resize/2048x1605!/quality/90/?url=http%3A%2F%2Fsothebys-brightspot.s3.amazonaws.com%2Fmedia-desk%2Ff1%2F2d%2Fa127b8c14b3bba95e7e85c6a6b35%2F191l20220-bhbrn-1.jpg', 'https://sothebys-md.brightspotcdn.com/dims4/default/a03d8d8/2147483647/strip/true/crop/2000x1978+0+0/resize/2048x2025!/quality/90/?url=http%3A%2F%2Fsothebys-brightspot.s3.amazonaws.com%2Fmedia-desk%2F0b%2F51%2F838f378e49f98e32f65bcd2f6335%2F191l20220-bhbrn-2.jpg']",Cantagalli,https://www.sothebys.com/en/buy/auction/2020/arts-of-the-islamic-world-india-including-fine-rugs-carpets/a-large-cantagalli-iznik-style-pottery-footed-bowl,Sothebys,Sothebys_2020-06-10_230,"['Sothebys_2020-06-10_230_01.jpg', 'Sothebys_2020-06-10_230_02.jpg']",,
59,"A MONUMENTAL CANTAGALLI IZNIK-STYLE POTTERY TWO-HANDLED VASE, ITALY, CIRCA 1880 ",Arts of the Islamic World & India including Fine Rugs & Carpets,London,2020-06-10,10 June 2020,226,['https://sothebys-md.brightspotcdn.com/dims4/default/e058626/2147483647/strip/true/crop/1547x2000+0+0/resize/2048x2648!/quality/90/?url=http%3A%2F%2Fsothebys-brightspot.s3.amazonaws.com%2Fmedia-desk%2Ff9%2Fe0%2F9bc82261479089addac16af6318e%2F013l20220-bhbrm-b.jpg'],Cantagalli,https://www.sothebys.com/en/buy/auction/2020/arts-of-the-islamic-world-india-including-fine-rugs-carpets/a-monumental-cantagalli-iznik-style-pottery-two,Sothebys,Sothebys_2020-06-10_226,['Sothebys_2020-06-10_226_01.jpg'],,
60,"A CANTAGALLI IZNIK-STYLE POTTERY BOTTLE VASE, ITALY, 19TH CENTURY",Arts of the Islamic World & India including Fine Rugs & Carpets,London,2020-06-10,10 June 2020,228,['https://sothebys-md.brightspotcdn.com/dims4/default/5847c3a/2147483647/strip/true/crop/1003x2000+0+0/resize/2048x4084!/quality/90/?url=http%3A%2F%2Fsothebys-brightspot.s3.amazonaws.com%2Fmedia-desk%2F5d%2Fc8%2F79db386c43a8a98519d54ffe8b08%2F193l20220-bhbrq.jpg'],Cantagalli,https://www.sothebys.com/en/buy/auction/2020/arts-of-the-islamic-world-india-including-fine-rugs-carpets/a-cantagalli-iznik-style-pottery-bottle-vase-italy,Sothebys,Sothebys_2020-06-10_228,['Sothebys_2020-06-10_228_01.jpg'],,
61,"A MONUMENTAL CANTAGALLI IZNIK-STYLE POTTERY VASE, ITALY, LATE 19TH CENTURY",Arts of the Islamic World & India including Fine Rugs & Carpets,London,2020-06-10,10 June 2020,225,['https://sothebys-md.brightspotcdn.com/dims4/default/3819391/2147483647/strip/true/crop/932x2000+0+0/resize/2048x4395!/quality/90/?url=http%3A%2F%2Fsothebys-brightspot.s3.amazonaws.com%2Fmedia-desk%2F52%2F35%2F3dd7d0244df1a05721a039855941%2F900l20020-bh7jp.jpg'],Cantagalli,https://www.sothebys.com/en/buy/auction/2020/arts-of-the-islamic-world-india-including-fine-rugs-carpets/a-monumental-cantagalli-iznik-style-pottery-vase,Sothebys,Sothebys_2020-06-10_225,['Sothebys_2020-06-10_225_01.jpg'],,
62,"A CANTAGALLI (FLORENCE) GOLD-LUSTRE MAIOLICA ARMORIAL DEEP CIRCULAR BASIN, CIRCA 1885",@Home | Decorative & Fine Art from Unique Homes & Collections,London,2020-05-08,08 May 2020,113,['https://sothebys-md.brightspotcdn.com/dims4/default/6ba4a28/2147483647/strip/true/crop/2000x1500+0+0/resize/2048x1536!/quality/90/?url=http%3A%2F%2Fsothebys-brightspot.s3.amazonaws.com%2Fmedia-desk%2F43%2Fb9%2F7747f5ff472095aa598e5ce700a4%2F294l20317-bhg86-1.jpg'],Cantagalli,https://www.sothebys.com/en/buy/auction/2020/home-decorative-and-fine-art-from-unique-homes-collections/a-cantagalli-florence-gold-lustre-maiolica,Sothebys,Sothebys_2020-05-08_113,['Sothebys_2020-05-08_113_01.jpg'],,
63,"TWO IZNIK POTTERY TILES WITH STYLISED TULIPS AND CARNATIONS, TURKEY, 16TH CENTURY, AND A CANTAGALLI POTTERY TILE, ITALY, FLORENCE, 19TH CENTURY",@Home | Decorative & Fine Art from Unique Homes & Collections,London,2020-05-08,08 May 2020,166,['https://sothebys-md.brightspotcdn.com/dims4/default/927ac66/2147483647/strip/true/crop/2000x867+0+0/resize/2048x888!/quality/90/?url=http%3A%2F%2Fsothebys-brightspot.s3.amazonaws.com%2Fmedia-desk%2Fee%2F2e%2F7743818d4a1ab454d378cbdaada7%2Fl20317-bkrxn.jpg'],Cantagalli,https://www.sothebys.com/en/buy/auction/2020/home-decorative-and-fine-art-from-unique-homes-collections/two-iznik-pottery-tiles-with-stylised-tulips-and,Sothebys,Sothebys_2020-05-08_166,['Sothebys_2020-05-08_166_01.jpg'],,
64,"A MONUMENTAL IZNIK-STYLE CANTAGALLI POTTERY VASE, ITALY, LATE 19TH CENTURY",Arts of the Islamic World,London,2019-10-23,23 October 2019,314,['https://sothebys-md.brightspotcdn.com/dims4/default/dd5c043/2147483647/strip/true/crop/1108x2000+0+0/resize/2048x3697!/quality/90/?url=http%3A%2F%2Fsothebys-brightspot.s3.amazonaws.com%2Fmedia-desk%2F2e%2F27%2F43b296bf4b6a9fc4b9514bf04c17%2F116l19223-b9trf-v1.jpg'],Cantagalli,https://www.sothebys.com/en/buy/auction/2019/arts-of-the-islamic-world/a-monumental-iznik-style-cantagalli-pottery-vase,Sothebys,Sothebys_2019-10-23_314,['Sothebys_2019-10-23_314_01.jpg'],,
65,ULISSE CANTAGALLI | Iznik Style Ewer,The Fine Art Society: 142 Years on New Bond Street,London,2019-02-05,05 February 2019,126,['https://sothebys-com.brightspotcdn.com/dims4/default/2977623/2147483647/strip/true/crop/1681x2000+0+0/resize/2880x3425!/quality/90/?url=http%3A%2F%2Fsothebys-brightspot.s3.amazonaws.com%2Fdotcom%2Fb5%2Ff6%2F5b%2F8db1189951cc422a69e7494115c68c1c861f7eb30185980d51dfecfc2a%2F801l19350-9fhvz.jpg'],Cantagalli,https://www.sothebys.com/en/auctions/ecatalogue/2019/fine-art-society-l19350/lot.126.html,Sothebys,Sothebys_2019-02-05_126,['Sothebys_2019-02-05_126_01.jpg'],,
66,"A LARGE CANTAGALLI MAJOLICA VASE IN THE IZNIK STYLE, ITALY, CIRCA 1880 |",Arts of the Islamic World,London,2018-10-24,24 October 2018,254,['https://sothebys-com.brightspotcdn.com/dims4/default/6fae928/2147483647/strip/true/crop/1690x2000+0+0/resize/2880x3410!/quality/90/?url=http%3A%2F%2Fsothebys-brightspot.s3.amazonaws.com%2Fdotcom%2F9a%2F65%2Fab%2F23f417fc5eb0eed96ab4bae0361d72061edea9cbe35f74f243c3425059%2F243l18223-9xdwn.jpg'],Cantagalli,https://www.sothebys.com/en/auctions/ecatalogue/2018/arts-of-the-islamic-world-l18223/lot.254.html,Sothebys,Sothebys_2018-10-24_254,['Sothebys_2018-10-24_254_01.jpg'],,
67,"Italy, Florence","Howard Hodgkin, Portrait of the Artist",London,2017-10-24,24 October 2017,393,['https://sothebys-com.brightspotcdn.com/dims4/default/bf58d37/2147483647/strip/true/crop/2000x1943+0+0/resize/2880x2799!/quality/90/?url=http%3A%2F%2Fsothebys-brightspot-migration.s3.amazonaws.com%2F7b%2F99%2F0f%2F58707d679eaad2885340cc0a3f9b04b6328e5e28bcefdff673252b4749%2F040l17120-9g72s.jpg'],Cantagalli,https://www.sothebys.com/en/auctions/ecatalogue/2017/howard-hodgkin-portrait-artist-l17120/lot.393.html,Sothebys,Sothebys_2017-10-24_393,['Sothebys_2017-10-24_393_01.jpg'],,
68,A CANTAGALLI MAJOLICA PERSIAN-STYLE BOTTLE VASE 19TH/20TH CENTURY,European Decorative Arts from Caramoor Center for Music and the Arts,New York,2016-04-12,12 April 2016,147,['https://sothebys-com.brightspotcdn.com/dims4/default/e76abc5/2147483647/strip/true/crop/1084x2000+0+0/resize/2880x5310!/quality/90/?url=http%3A%2F%2Fsothebys-brightspot-migration.s3.amazonaws.com%2F54%2F40%2F6e%2Fa59ac0e46b47a873a448d11da78a283382dee0d61cdee4d02e0b71ae7c%2F102n09464-49ykv.jpg'],Cantagalli,https://www.sothebys.com/en/auctions/ecatalogue/2016/european-decorative-arts-caramoor-center-n09464/lot.147.html,Sothebys,Sothebys_2016-04-12_147,['Sothebys_2016-04-12_147_01.jpg'],,
69,"bouteille monumentale dans le style Iznik, signée Cantagalli, Italie, XIXe siècle",Orientalist Sale,Paris,2009-10-28,28 October 2009,137,['https://sothebys-com.brightspotcdn.com/dims4/default/976d64d/2147483647/strip/true/crop/2000x2000+0+0/resize/2880x2880!/quality/90/?url=http%3A%2F%2Fsothebys-brightspot-migration.s3.amazonaws.com%2Fa3%2F6e%2F21%2Fbf0aee1206e9eb6ed5ba5b3db91ea8e96174b8ed32cc264bee8b9f4f14%2Fpf9014-137-lr-1.jpg'],Cantagalli,https://www.sothebys.com/en/auctions/ecatalogue/2009/orientalist-sale-pf9014/lot.137.html,Sothebys,Sothebys_2009-10-28_137,['Sothebys_2009-10-28_137_01.jpg'],,
70,"An Iznik-style pottery ewer, probably Cantagalli, Italy, 19th century",Arts of the Islamic World,London,2009-04-01,01 April 2009,218,['https://sothebys-com.brightspotcdn.com/dims4/default/283b618/2147483647/strip/true/crop/2000x2000+0+0/resize/2880x2880!/quality/90/?url=http%3A%2F%2Fsothebys-brightspot-migration.s3.amazonaws.com%2Fe0%2F8a%2F01%2Fcda60a54cda0bea7888e190ad140d8b7dba7d03b732b5092e39a3aa66b%2Fl09721-218-lr-1.jpg'],Cantagalli,https://www.sothebys.com/en/auctions/ecatalogue/2009/arts-of-the-islamic-world-l09721/lot.218.html,Sothebys,Sothebys_2009-04-01_218,['Sothebys_2009-04-01_218_01.jpg'],,
71,"A Large Cantagalli Iznik style bottle, Italy, 19th century","Arts of the Islamic World, including Fine Carpets and Textiles",London,2007-10-24,24 October 2007,316,['https://sothebys-com.brightspotcdn.com/dims4/default/a927079/2147483647/strip/true/crop/2000x2000+0+0/resize/2880x2880!/quality/90/?url=http%3A%2F%2Fsothebys-brightspot-migration.s3.amazonaws.com%2Fbd%2F61%2F19%2F7ff01eee4fd7cabee88ff41e1e1b443de6fe9cefc9a35154842b49d483%2Fl07222-316-lr-1.jpg'],Cantagalli,https://www.sothebys.com/en/auctions/ecatalogue/2007/arts-of-the-islamic-world-including-fine-carpets-and-textiles-l07222/lot.316.html,Sothebys,Sothebys_2007-10-24_316,['Sothebys_2007-10-24_316_01.jpg'],,
72,,,,,,,,,,,,,Invalid URL '': No scheme supplied. Perhaps you meant https://?,https://www.sothebys.com/en/auctions/ecatalogue/2004/fine-decorative-arts-from-1870-w04810/lot.41.html
73,"A Theodore Deck Faïence Iznik-Style Bottle Vase, Dated 1870","Design 17/20: Silver, Furniture & Ceramics",New York,2023-03-25,25 March 2023,391,"['https://sothebys-md.brightspotcdn.com/dims4/default/d32e13c/2147483647/strip/true/crop/4999x4999+0+0/resize/2048x2048!/quality/90/?url=http%3A%2F%2Fsothebys-brightspot.s3.amazonaws.com%2Fmedia-desk%2Faf%2Fba%2F24eb3bec4515a8870d1168f595f0%2Fn11192-cn2ym-t2-01.jpg', 'https://sothebys-md.brightspotcdn.com/dims4/default/f9f3fab/2147483647/strip/true/crop/5215x5216+0+0/resize/2048x2048!/quality/90/?url=http%3A%2F%2Fsothebys-brightspot.s3.amazonaws.com%2Fmedia-desk%2Fc7%2F1b%2F51dbfcce46c3ba3a6cc6751f655d%2Fn11192-cn2ym-t2-02.jpg', 'https://sothebys-md.brightspotcdn.com/dims4/default/286c863/2147483647/strip/true/crop/7930x7930+0+0/resize/2048x2048!/quality/90/?url=http%3A%2F%2Fsothebys-brightspot.s3.amazonaws.com%2Fmedia-desk%2F19%2F81%2F4e64450d430f82883b1d170121ac%2Fn11192-cn2ym-t2-03.jpg']",Theodore Deck,https://www.sothebys.com/en/buy/auction/2023/design-17-20-silver-furniture-ceramics/a-theodore-deck-faience-iznik-style-bottle-vase,Sothebys,Sothebys_2023-03-25_391,"['Sothebys_2023-03-25_391_01.jpg', 'Sothebys_2023-03-25_391_02.jpg', 'Sothebys_2023-03-25_391_03.jpg']",,
74,"An Iznik-style footed bowl and cover, by Theodore Deck, France, 19th century",Arts of the Islamic World & India including Fine Rugs and Carpets,London,2022-10-26,26 October 2022,150,"['https://sothebys-md.brightspotcdn.com/dims4/default/16964ba/2147483647/strip/true/crop/2000x2000+0+0/resize/2048x2048!/quality/90/?url=http%3A%2F%2Fsothebys-brightspot.s3.amazonaws.com%2Fmedia-desk%2F1e%2F61%2F46439e564464a4956c8f7f78aa39%2Fl22223-ccs7g-01-t2.jpg', 'https://sothebys-md.brightspotcdn.com/dims4/default/e6b45ac/2147483647/strip/true/crop/2000x2000+0+0/resize/2048x2048!/quality/90/?url=http%3A%2F%2Fsothebys-brightspot.s3.amazonaws.com%2Fmedia-desk%2F72%2F39%2F09a5975b4a3b97aca8544f3158b1%2Fl22223-ccs7g-02-t2.jpg', 'https://sothebys-md.brightspotcdn.com/dims4/default/dd31747/2147483647/strip/true/crop/2000x2000+0+0/resize/2048x2048!/quality/90/?url=http%3A%2F%2Fsothebys-brightspot.s3.amazonaws.com%2Fmedia-desk%2F95%2Fd9%2Fa4cefdf24d238c8af78960b9de88%2Fl22223-ccs7g-03-t2.jpg']",Theodore Deck,https://www.sothebys.com/en/buy/auction/2022/arts-of-the-islamic-world-india-including-fine-rugs-and-carpets-2/an-iznik-style-footed-bowl-and-cover-by-theodore,Sothebys,Sothebys_2022-10-26_150,"['Sothebys_2022-10-26_150_01.jpg', 'Sothebys_2022-10-26_150_02.jpg', 'Sothebys_2022-10-26_150_03.jpg']",,
75,"A Theodore Deck Iznik-style pottery vase, France, 19th century",Arts of the Islamic World & India including Fine Rugs and Carpets,London,2021-10-27,27 October 2021,252,"['https://sothebys-md.brightspotcdn.com/dims4/default/bd32834/2147483647/strip/true/crop/2000x2000+0+0/resize/2048x2048!/quality/90/?url=http%3A%2F%2Fsothebys-brightspot.s3.amazonaws.com%2Fmedia-desk%2Ff3%2F9e%2F1176a0e847848d38be3dd4c23fa2%2Fl21223-bzp44-1.jpg', 'https://sothebys-md.brightspotcdn.com/dims4/default/69131d8/2147483647/strip/true/crop/2000x2000+0+0/resize/2048x2048!/quality/90/?url=http%3A%2F%2Fsothebys-brightspot.s3.amazonaws.com%2Fmedia-desk%2F0b%2Fe5%2Fbca1900c4ebda9973e3df15cb71e%2Fl21223-bzp44-2.jpg', 'https://sothebys-md.brightspotcdn.com/dims4/default/daaf753/2147483647/strip/true/crop/1499x2000+0+0/resize/2048x2732!/quality/90/?url=http%3A%2F%2Fsothebys-brightspot.s3.amazonaws.com%2Fmedia-desk%2F32%2F52%2Faf662a8d40828d1a4fcf05ba363c%2Fl21223-bzp44-3.jpg']",Theodore Deck,https://www.sothebys.com/en/buy/auction/2021/arts-of-the-islamic-world-india-including-fine-rugs-and-carpets-2/a-theodore-deck-iznik-style-pottery-vase-france,Sothebys,Sothebys_2021-10-27_252,"['Sothebys_2021-10-27_252_01.jpg', 'Sothebys_2021-10-27_252_02.jpg', 'Sothebys_2021-10-27_252_03.jpg']",,
76,"A LARGE THEODORE DECK IZNIK-STYLE POTTERY DISH, FRANCE, 19TH CENTURY",Arts of the Islamic World & India including Fine Rugs and Carpets,London,2020-10-27,27 October 2020,507,"['https://sothebys-md.brightspotcdn.com/dims4/default/c251bbf/2147483647/strip/true/crop/2000x2000+0+0/resize/2048x2048!/quality/90/?url=http%3A%2F%2Fsothebys-brightspot.s3.amazonaws.com%2Fmedia-desk%2Fad%2Fd8%2Fa70973bd424eb2faae1ffd8f8de5%2F109l20223-bn7rz-01.jpg', 'https://sothebys-md.brightspotcdn.com/dims4/default/4277d40/2147483647/strip/true/crop/2000x1500+0+0/resize/2048x1536!/quality/90/?url=http%3A%2F%2Fsothebys-brightspot.s3.amazonaws.com%2Fmedia-desk%2F03%2Fb4%2Fb302fe6c42bb81c3e2e9a70f66ae%2F109l20223-bn7rz-02.jpg']",Theodore Deck,https://www.sothebys.com/en/buy/auction/2020/arts-of-the-islamic-world-india-including-fine-rugs-and-carpets/a-large-theodore-deck-iznik-style-pottery-dish,Sothebys,Sothebys_2020-10-27_507,"['Sothebys_2020-10-27_507_01.jpg', 'Sothebys_2020-10-27_507_02.jpg']",,
77,"A LARGE THEODORE DECK IZNIK-STYLE POTTERY DISH WITH ROSETTES AND HYACINTHS, FRANCE, 19TH CENTURY",Arts of the Islamic World & India including Fine Rugs & Carpets,London,2020-06-10,10 June 2020,224,['https://sothebys-md.brightspotcdn.com/dims4/default/58f4e20/2147483647/strip/true/crop/2000x2000+0+0/resize/2048x2048!/quality/90/?url=http%3A%2F%2Fsothebys-brightspot.s3.amazonaws.com%2Fmedia-desk%2F84%2F29%2F79f9c4da43439231f6de83b6caf6%2F186l20220-bhbrv-1.jpg'],Theodore Deck,https://www.sothebys.com/en/buy/auction/2020/arts-of-the-islamic-world-india-including-fine-rugs-carpets/a-large-theodore-deck-iznik-style-pottery-dish,Sothebys,Sothebys_2020-06-10_224,['Sothebys_2020-06-10_224_01.jpg'],,
78,"A LARGE THEODORE DECK IZNIK-STYLE POTTERY DISH WITH GRAPES, FRANCE, 19TH CENTURY",Arts of the Islamic World & India including Fine Rugs & Carpets,London,2020-06-10,10 June 2020,227,['https://sothebys-md.brightspotcdn.com/dims4/default/b64f1da/2147483647/strip/true/crop/2000x2000+0+0/resize/2048x2048!/quality/90/?url=http%3A%2F%2Fsothebys-brightspot.s3.amazonaws.com%2Fmedia-desk%2F0c%2Ffc%2Fbc90cd934499a9ee9fe71f4638e2%2F192l20220-bhbrp-1.jpg'],Theodore Deck,https://www.sothebys.com/en/buy/auction/2020/arts-of-the-islamic-world-india-including-fine-rugs-carpets/a-large-theodore-deck-iznik-style-pottery-dish-2,Sothebys,Sothebys_2020-06-10_227,['Sothebys_2020-06-10_227_01.jpg'],,
79,"A THEODORE DECK POTTERY LARGE BASIN IN THE MAMLUK METALWARE STYLE, CIRCA 1885",@Home | Decorative & Fine Art from Unique Homes & Collections,London,2020-05-08,08 May 2020,112,"['https://sothebys-md.brightspotcdn.com/dims4/default/e801366/2147483647/strip/true/crop/2000x1499+0+0/resize/2048x1535!/quality/90/?url=http%3A%2F%2Fsothebys-brightspot.s3.amazonaws.com%2Fmedia-desk%2F80%2F46%2F8cf6475a4652959a9b4fb007c279%2F115l20317-bh8gk-a.jpg', 'https://sothebys-md.brightspotcdn.com/dims4/default/40abf73/2147483647/strip/true/crop/2000x1500+0+0/resize/2048x1536!/quality/90/?url=http%3A%2F%2Fsothebys-brightspot.s3.amazonaws.com%2Fmedia-desk%2Ff0%2Fd8%2F17122144456083464b6fe7c01e65%2F115l20317-bh8gk-b.jpg', 'https://sothebys-md.brightspotcdn.com/dims4/default/e634c41/2147483647/strip/true/crop/2000x1500+0+0/resize/2048x1536!/quality/90/?url=http%3A%2F%2Fsothebys-brightspot.s3.amazonaws.com%2Fmedia-desk%2F4e%2Ff9%2F0c0c3b0c44c58997d22ee3a67dee%2F115l20317-bh8gk-d.jpg']",Theodore Deck,https://www.sothebys.com/en/buy/auction/2020/home-decorative-and-fine-art-from-unique-homes-collections/a-theodore-deck-pottery-large-basin-in-the-mamluk,Sothebys,Sothebys_2020-05-08_112,"['Sothebys_2020-05-08_112_01.jpg', 'Sothebys_2020-05-08_112_02.jpg', 'Sothebys_2020-05-08_112_03.jpg']",,
80,"A pair of Theodore Deck faience ‘Persian Blue’ bottle-vases, France, circa 1880",Arts of the Islamic World,London,2018-04-25,25 April 2018,205,['https://sothebys-com.brightspotcdn.com/dims4/default/c609bcf/2147483647/strip/true/crop/2000x1854+0+0/resize/2880x2671!/quality/90/?url=http%3A%2F%2Fsothebys-brightspot-migration.s3.amazonaws.com%2F4d%2F80%2Fc9%2F99ebb0de6be521e9b2a7774303ba09cfe2129d4452bf2dc987fd7d5afe%2F177l18220-9rpf8-1.jpg'],Theodore Deck,https://www.sothebys.com/en/auctions/ecatalogue/2018/arts-of-the-islamic-world-l18220/lot.205.html,Sothebys,Sothebys_2018-04-25_205,['Sothebys_2018-04-25_205_01.jpg'],,
81,"A pair of lidded flowerpot holders on stands, probably 'Théodore Deck', Paris, circa 1880,",Arts of the Islamic World,London,2016-10-19,19 October 2016,334,['https://sothebys-com.brightspotcdn.com/dims4/default/7ca3fbd/2147483647/strip/true/crop/2000x1227+0+0/resize/2880x1766!/quality/90/?url=http%3A%2F%2Fsothebys-brightspot-migration.s3.amazonaws.com%2Fc8%2Fd5%2F60%2Fabe3b19f4278e15eb2921bc54c91d291f75bff772eaf169540baebf4c1%2F601l16223-96d2l-1.jpg'],Theodore Deck,https://www.sothebys.com/en/auctions/ecatalogue/2016/arts-of-the-islamic-world-l16223/lot.334.html,Sothebys,Sothebys_2016-10-19_334,['Sothebys_2016-10-19_334_01.jpg'],,
82,"A pair of Theodore Deck earthenware rose-water sprinklers with gilt-copper mounts, France, 19th century",Arts of the Islamic World & India including Fine Rugs and Carpets,London,2021-03-31,31 March 2021,134,"['https://sothebys-md.brightspotcdn.com/dims4/default/27d7355/2147483647/strip/true/crop/2000x2000+0+0/resize/2048x2048!/quality/90/?url=http%3A%2F%2Fsothebys-brightspot.s3.amazonaws.com%2Fmedia-desk%2Fdb%2F1d%2F0814972f4f3a96382e283e293ef6%2Fl21220-bstjg-1.jpg', 'https://sothebys-md.brightspotcdn.com/dims4/default/0413a7f/2147483647/strip/true/crop/2000x2000+0+0/resize/2048x2048!/quality/90/?url=http%3A%2F%2Fsothebys-brightspot.s3.amazonaws.com%2Fmedia-desk%2Ffd%2F18%2F1c034aef462b8f7b2180dd2f5c99%2Fl21220-bstjg-2.jpg', 'https://sothebys-md.brightspotcdn.com/dims4/default/8e5e798/2147483647/strip/true/crop/2000x1500+0+0/resize/2048x1536!/quality/90/?url=http%3A%2F%2Fsothebys-brightspot.s3.amazonaws.com%2Fmedia-desk%2Fe7%2F6b%2F553fb69d4750b6afb61e351945ce%2Fl21220-bstjg-3.jpg', 'https://sothebys-md.brightspotcdn.com/dims4/default/a42db92/2147483647/strip/true/crop/2000x1514+0+0/resize/2048x1550!/quality/90/?url=http%3A%2F%2Fsothebys-brightspot.s3.amazonaws.com%2Fmedia-desk%2Fcc%2Fae%2F350ea640458e943d5e174a42d5c3%2Fl21220-bstjg-4.jpg']",Theodore Deck,https://www.sothebys.com/en/buy/auction/2021/arts-of-the-islamic-world-india-including-fine-rugs-and-carpets/a-pair-of-theodore-deck-earthenware-rose-water,Sothebys,Sothebys_2021-03-31_134,"['Sothebys_2021-03-31_134_01.jpg', 'Sothebys_2021-03-31_134_02.jpg', 'Sothebys_2021-03-31_134_03.jpg', 'Sothebys_2021-03-31_134_04.jpg']",,
83,"LARGE BASSIN de STYLE MAMELOUK, PAR THEODORE DECK (1823-1891), AU NOM DU SULTAN MUHAMMAD IBN QALA'OUN",PF1210,Paris,2012-10-09,09 October 2012,77,['https://sothebys-com.brightspotcdn.com/dims4/default/0ecf6c8/2147483647/strip/true/crop/2000x1202+0+0/resize/2880x1730!/quality/90/?url=http%3A%2F%2Fsothebys-brightspot-migration.s3.amazonaws.com%2Fb8%2F09%2F5f%2F646bab58ffbee85f9a03d4964bb4e5c22ffe817109f55448fb42d1149f%2F006pf1210-6hl2v-1.jpg'],Theodore Deck,https://www.sothebys.com/en/auctions/ecatalogue/2012/regards-sur-lorient-pf1210/lot.77.html,Sothebys,Sothebys_2012-10-09_77,['Sothebys_2012-10-09_77_01.jpg'],,
84,"Grand plat rond en faïence, par Théodore Deck, vers 1870-1880",Collection Fabius,Paris,2011-10-26,26 October 2011,318,['https://sothebys-com.brightspotcdn.com/dims4/default/6bcdcc3/2147483647/strip/true/crop/3918x4000+0+0/resize/2880x2942!/quality/90/?url=http%3A%2F%2Fsothebys-brightspot-migration.s3.amazonaws.com%2F21%2F87%2F0f%2F641f8650ae7e848c727a2cd736eb00affe79f3b938fd9fbc7be746bbfe%2F493pf1124-63pvj-1.jpg'],Theodore Deck,https://www.sothebys.com/en/auctions/ecatalogue/2011/collection-fabius-pf1124/lot.318.html,Sothebys,Sothebys_2011-10-26_318,['Sothebys_2011-10-26_318_01.jpg'],,
85,"Large bassin en style mamelouk par Theodore Deck (1823-1891) avec son socle, au nom de Muhammad Ibn Qala'oun",Regards sur l&#39;Orient: Orientalist Paintings and Sculptures - Islamic Art,Paris,2010-06-23,23 June 2010,145,['https://sothebys-com.brightspotcdn.com/dims4/default/72ba412/2147483647/strip/true/crop/2000x2000+0+0/resize/2880x2880!/quality/90/?url=http%3A%2F%2Fsothebys-brightspot-migration.s3.amazonaws.com%2F0f%2F83%2F4f%2F2f2e1bff6de8ed209abd0c528112c7f1b0d526da248aa60b0174e20680%2Fpf1036-145-lr-1.jpg'],Theodore Deck,https://www.sothebys.com/en/auctions/ecatalogue/2010/regards-sur-l39orient-orientalist-paintings-and-sculptures-islamic-art-pf1036/lot.145.html,Sothebys,Sothebys_2010-06-23_145,['Sothebys_2010-06-23_145_01.jpg'],,
86,"A Theodore Deck Iznik-style pottery tankard, France, 19th century",Arts of the Islamic World,London,2009-10-07,07 October 2009,255,['https://sothebys-com.brightspotcdn.com/dims4/default/9946b46/2147483647/strip/true/crop/2000x2000+0+0/resize/2880x2880!/quality/90/?url=http%3A%2F%2Fsothebys-brightspot-migration.s3.amazonaws.com%2Fe2%2Ff5%2F80%2F93de3a2833d92b98558a909efa70519f1d65ac89cf51e29eaf0893f096%2Fl09723-255-lr-1.jpg'],Theodore Deck,https://www.sothebys.com/en/auctions/ecatalogue/2009/arts-of-the-islamic-world-l09723/lot.255.html,Sothebys,Sothebys_2009-10-07_255,['Sothebys_2009-10-07_255_01.jpg'],,
87,"A Théodore Deck Ceramic mosque lamp, France, 19th century",Arts of the Islamic World,London,2009-04-01,01 April 2009,220,['https://sothebys-com.brightspotcdn.com/dims4/default/63c2c88/2147483647/strip/true/crop/2000x2000+0+0/resize/2880x2880!/quality/90/?url=http%3A%2F%2Fsothebys-brightspot-migration.s3.amazonaws.com%2Ffb%2F8b%2F92%2F5fd1b06d53a5d19da2a912246e0ecf2e3285de40159780ec63ce15f1c4%2Fl09721-220-lr-1.jpg'],Theodore Deck,https://www.sothebys.com/en/auctions/ecatalogue/2009/arts-of-the-islamic-world-l09721/lot.220.html,Sothebys,Sothebys_2009-04-01_220,['Sothebys_2009-04-01_220_01.jpg'],,
88,"Cache pot en faience par Théodore Deck, vers 1880 de style Mamluk (XIV - XVeme)",Orientalist Sale,Paris,2007-10-24,24 October 2007,128,['https://sothebys-com.brightspotcdn.com/dims4/default/0499454/2147483647/strip/true/crop/2000x2000+0+0/resize/2880x2880!/quality/90/?url=http%3A%2F%2Fsothebys-brightspot-migration.s3.amazonaws.com%2F0d%2Fad%2F57%2F3cd99b31e45250664282375c01e64f3335b654e6c1468bc31a0349cd5e%2Fpf7023-128-lr-1.jpg'],Theodore Deck,https://www.sothebys.com/en/auctions/ecatalogue/2007/orientalist-sale-pf7023/lot.128.html,Sothebys,Sothebys_2007-10-24_128,['Sothebys_2007-10-24_128_01.jpg'],,
89,"Grand vase bouteille en faience, par Théodore Deck, vers 1880",Orientalist Sale,Paris,2007-10-24,24 October 2007,127,['https://sothebys-com.brightspotcdn.com/dims4/default/23198b0/2147483647/strip/true/crop/2000x2000+0+0/resize/2880x2880!/quality/90/?url=http%3A%2F%2Fsothebys-brightspot-migration.s3.amazonaws.com%2Fb7%2F69%2F77%2Fada4ba2c03463e417a139e934fd9811e70e5c395a287134cda3aaa41dc%2Fpf7023-127-lr-1.jpg'],Theodore Deck,https://www.sothebys.com/en/auctions/ecatalogue/2007/orientalist-sale-pf7023/lot.127.html,Sothebys,Sothebys_2007-10-24_127,['Sothebys_2007-10-24_127_01.jpg'],,
90,,,,,,,,,,,,,Invalid URL '': No scheme supplied. Perhaps you meant https://?,https://www.sothebys.com/en/auctions/ecatalogue/2005/20th-century-decorative-arts-pf5005/lot.25.html
91,,,,,,,,,,,,,Invalid URL '': No scheme supplied. Perhaps you meant https://?,https://www.sothebys.com/en/auctions/ecatalogue/2005/20th-century-decorative-arts-pf5005/lot.26.html
92,,,,,,,,,,,,,Invalid URL '': No scheme supplied. Perhaps you meant https://?,https://www.sothebys.com/en/auctions/ecatalogue/2005/20th-century-decorative-arts-pf5005/lot.26.html
93,"A pair of Theodore Deck faience ‘Persian Blue’ bottle-vases, France, circa 1880",Arts of the Islamic World,London,2018-04-25,25 April 2018,205,['https://sothebys-com.brightspotcdn.com/dims4/default/c609bcf/2147483647/strip/true/crop/2000x1854+0+0/resize/2880x2671!/quality/90/?url=http%3A%2F%2Fsothebys-brightspot-migration.s3.amazonaws.com%2F4d%2F80%2Fc9%2F99ebb0de6be521e9b2a7774303ba09cfe2129d4452bf2dc987fd7d5afe%2F177l18220-9rpf8-1.jpg'],Theodore Deck,https://www.sothebys.com/en/auctions/ecatalogue/2018/arts-of-the-islamic-world-l18220/lot.205.html,Sothebys,Sothebys_2018-04-25_205,['Sothebys_2018-04-25_205_01.jpg'],,
94,"Lampe à huile en faïence bleue turquoise, par Théodore Deck, vers 1880",Collection Fabius,Paris,2011-10-26,26 October 2011,59,['https://sothebys-com.brightspotcdn.com/dims4/default/9ba3f9e/2147483647/strip/true/crop/1454x4000+0+0/resize/2880x7913!/quality/90/?url=http%3A%2F%2Fsothebys-brightspot-migration.s3.amazonaws.com%2Fa8%2Fac%2Fb1%2F68faaa7adbe74e0bc58d7b2200a923145f62b48dde3872ff3dce8cbd81%2F499pf1124-63prf-1.jpg'],Theodore Deck,https://www.sothebys.com/en/auctions/ecatalogue/2011/collection-fabius-pf1124/lot.59.html,Sothebys,Sothebys_2011-10-26_59,['Sothebys_2011-10-26_59_01.jpg'],,
95,"Two Samson and Lachenal Iznik-style jugs, France, 19th century",Arts of the Islamic World & India,London,2025-04-30,30 April 2025,685,"['https://sothebys-md.brightspotcdn.com/dims4/default/9796475/2147483647/strip/true/crop/7152x7152+0+0/resize/4096x4096!/quality/90/?url=http%3A%2F%2Fsothebys-brightspot.s3.amazonaws.com%2Fmedia-desk%2F11%2Ff7%2F30cdebf94d69a0e9302350b1534f%2Fl25220-d75cj-t2-01.jpg', 'https://sothebys-md.brightspotcdn.com/dims4/default/39e19fd/2147483647/strip/true/crop/7072x7072+0+0/resize/4096x4096!/quality/90/?url=http%3A%2F%2Fsothebys-brightspot.s3.amazonaws.com%2Fmedia-desk%2F5c%2F1e%2F3f0ad7f840cab0d991b9b083c1c4%2Fl25220-d75cj-t2-02.jpg', 'https://sothebys-md.brightspotcdn.com/dims4/default/84a2c3c/2147483647/strip/true/crop/7072x7072+0+0/resize/4096x4096!/quality/90/?url=http%3A%2F%2Fsothebys-brightspot.s3.amazonaws.com%2Fmedia-desk%2F94%2Fa2%2Fa5a6ef5648d882d62c4971d890d0%2Fl25220-d75cj-t2-03.jpg', 'https://sothebys-md.brightspotcdn.com/dims4/default/7670598/2147483647/strip/true/crop/7084x7084+0+0/resize/4096x4096!/quality/90/?url=http%3A%2F%2Fsothebys-brightspot.s3.amazonaws.com%2Fmedia-desk%2F62%2F28%2F6d842cc743e6b5d82aa3f302c59f%2Fl25220-d75cj-t2-04.jpg', 'https://sothebys-md.brightspotcdn.com/dims4/default/23a59bb/2147483647/strip/true/crop/6940x6940+0+0/resize/4096x4096!/quality/90/?url=http%3A%2F%2Fsothebys-brightspot.s3.amazonaws.com%2Fmedia-desk%2F90%2Fed%2F84e369894f32805c3788b59281fc%2Fl25220-d75cj-t2-05.jpg']",Lachenal,https://www.sothebys.com/en/buy/auction/2025/arts-of-the-islamic-world-india-l25220/two-samson-and-lachenal-iznik-style-jugs-france,Sothebys,Sothebys_2025-04-30_685,"['Sothebys_2025-04-30_685_01.jpg', 'Sothebys_2025-04-30_685_02.jpg', 'Sothebys_2025-04-30_685_03.jpg', 'Sothebys_2025-04-30_685_04.jpg', 'Sothebys_2025-04-30_685_05.jpg']",,
96,"A French faience Iznik style deep dish, Damas serie, by Edmond Lachenal, circa 1900 |  Plat creux en faïence dans le style d'Iznik, série de Damas, par Edmond Lachenal, vers 1900",Collection Hubert Guerrand-Hermès | Online,Paris,2023-12-11,11 December 2023,1171,"['https://sothebys-md.brightspotcdn.com/dims4/default/ff9893a/2147483647/strip/true/crop/2000x2000+0+0/resize/4096x4096!/quality/90/?url=http%3A%2F%2Fsothebys-brightspot.s3.amazonaws.com%2Fmedia-desk%2Fwebnative%2Fimages%2Fbc%2F5d%2Fcb96fe3a49e09299276273538eeb%2Fpf2354-csr6w-t3-01.jpg', 'https://sothebys-md.brightspotcdn.com/dims4/default/5ac5e62/2147483647/strip/true/crop/2000x2000+0+0/resize/4096x4096!/quality/90/?url=http%3A%2F%2Fsothebys-brightspot.s3.amazonaws.com%2Fmedia-desk%2Fwebnative%2Fimages%2Fb7%2Fa5%2F8bca706b40e7aa6092c98abce2e8%2Fpf2354-csr6w-t3-02.jpg', 'https://sothebys-md.brightspotcdn.com/dims4/default/8b83e28/2147483647/strip/true/crop/2000x1494+0+0/resize/4096x3060!/quality/90/?url=http%3A%2F%2Fsothebys-brightspot.s3.amazonaws.com%2Fmedia-desk%2Fwebnative%2Fimages%2F39%2F8d%2Fd3f9cba4452aa83f9064bccda60c%2Fpf2354-csr6w-t3-03.jpg']",Lachenal,https://www.sothebys.com/en/buy/auction/2023/collection-hubert-guerrand-hermes-online/a-french-faience-iznik-style-deep-dish-damas-serie,Sothebys,Sothebys_2023-12-11_1171,"['Sothebys_2023-12-11_1171_01.jpg', 'Sothebys_2023-12-11_1171_02.jpg', 'Sothebys_2023-12-11_1171_03.jpg']",,
97,"Plat en céramique, dans le style Iznik du group dit ""de Damas"", EDMOND LACHENAL (1855-1930), France, vers 1900",Regards sur l'Orient,Paris,2011-11-16,16 November 2011,119,['https://sothebys-com.brightspotcdn.com/dims4/default/e9ba0ea/2147483647/strip/true/crop/4000x3996+0+0/resize/2880x2875!/quality/90/?url=http%3A%2F%2Fsothebys-brightspot-migration.s3.amazonaws.com%2Fce%2F6e%2F1f%2Fb6859c783fc4e87ba2de10b9b1285e9adbed426bc7f231d06c7d041d6f%2F299pf1110-66xv7-1.jpg'],Lachenal,https://www.sothebys.com/en/auctions/ecatalogue/2011/regards-sur-lorient-orientalist-paintings-and-islamic-art/lot.119.html,Sothebys,Sothebys_2011-11-16_119,['Sothebys_2011-11-16_119_01.jpg'],,
98,"A ceramic ewer and tray, Stamped Lachenal, France, circa 1880",Islamic Works of Art,London,2011-10-05,05 October 2011,387,['https://sothebys-com.brightspotcdn.com/dims4/default/cd0c670/2147483647/strip/true/crop/4000x4000+0+0/resize/2880x2880!/quality/90/?url=http%3A%2F%2Fsothebys-brightspot-migration.s3.amazonaws.com%2F93%2F7c%2F1b%2F6744b84271d21e61f7803ba42f4cb910dbab2217efe79cb2035c94805c%2F410l11223-66yxc-a.jpg'],Lachenal,https://www.sothebys.com/en/auctions/ecatalogue/2011/arts-of-the-islamic-world/lot.387.html,Sothebys,Sothebys_2011-10-05_387,['Sothebys_2011-10-05_387_01.jpg'],,
99,,,,,,,,,,,,,'NoneType' object has no attribute 'string',https://www.sothebys.com/en/search?query=lachenal&tab=objects&sortBy=bsp_dotcom_prod_en
100,,,,,,,,,,,,,Invalid URL '': No scheme supplied. Perhaps you meant https://?,https://www.sothebys.com/en/auctions/ecatalogue/2005/collection-de-cramiques-franaises-verreries-tableaux-documentations-provenant-de-la-villa-clara-schumann-pf5025/lot.234.html
101,,,,,,,,,,,,,Invalid URL '': No scheme supplied. Perhaps you meant https://?,https://www.sothebys.com/en/auctions/ecatalogue/2005/decorative-arts-w05813/lot.54.html
102,,,,,,,,,,,,,Invalid URL '': No scheme supplied. Perhaps you meant https://?,https://www.sothebys.com/en/auctions/ecatalogue/2005/decorative-arts-w05813/lot.55.html
