Titre	Auteur	Date	Description	Technique	Lien	Institution	Ville	Num_inventaire	Image_urls
Nan	['LACHENAL Edmond (céramiste)']	['1921']	Soucoupe évasée. L'extérieur est couvert d'un émail vert/bleu avec coulures. La lèvre est soulignée de points noirs débordant à l'extérieur et à l'intérieur de la coupe	"[""faïence (tourné, cuisson de dégourdi, glaçure à l'étain, peint, cuisson de grand feu)""]"	https://pop.culture.gouv.fr/notice/joconde/07450027617	musée Dobrée	Nantes	927.1.520	['https://pop-perf-assets.s3.gra.io.cloud.ovh.net/joconde/07450027617/0009427.jpg', 'https://pop-perf-assets.s3.gra.io.cloud.ovh.net/joconde/07450027617/0009428.jpg', 'https://pop-perf-assets.s3.gra.io.cloud.ovh.net/joconde/07450027617/0009996.jpg', 'https://pop-perf-assets.s3.gra.io.cloud.ovh.net/joconde/07450027617/0009997.jpg', 'https://pop-perf-assets.s3.gra.io.cloud.ovh.net/joconde/07450027617/0009998.jpg']
Plat à la danseuse (titre d'usage)	['Deck Théodore (1823-1891) (céramiste)', 'Ehrmann François Émile (1833-1910) (peintre)']	['1867']	Assiette à fond bleu turquoise. Au centre une femme entourée d'une composition florale aux œillets, feuilles saz et tiges courbes de style Iznik. La danseuse est vêtue d'une jupe aux motifs fleuris et d'un court boléro vert dévoilant sa poitrine. Debout sur un croissant de lune, elle semble danser tout en jouant avec des cymbales à doigts qu'elle tient entre ses mains.	['faïence fine (modelé, cuisson, émail peint)']	https://pop.culture.gouv.fr/notice/joconde/00290100823	musée Théodore Deck et des pays du Florival	Guebwiller	THD-DB-2002.1.83 ; D-THD 997.1.7 (ancien numéro) ; THD-DB 002.1.83 (ancien numéro)	['https://pop-perf-assets.s3.gra.io.cloud.ovh.net/joconde/00290100823/thd-db-2002-1-83-orcmot.jpg']
style Iznik	['Deck Théodore (céramiste)']	['1860', '1870']	Plat rond sur talon à bords chantournés. Décor de style Iznik. Fond bleu foncé orné de bouquets d’œillets, de tulipes et de feuilles saz. Marli au fond bleu clair avec motifs de fleurs.	['faïence fine (modelé, cuisson, émail peint sous couverte)']	https://pop.culture.gouv.fr/notice/joconde/00290101273	musée Théodore Deck et des pays du Florival	Guebwiller	THD-993.3.10 ; MF 149 (ancien numéro)	['https://pop-perf-assets.s3.gra.io.cloud.ovh.net/joconde/00290101273/thd-993-3-10-1pefn2l.jpg']
Pied de lampe	['Deck Théodore (1823-1891) (céramiste)']	['1870']	Lampe à long col sur monture en bronze. Fond blanc décoré de motifs en frise et en médaillons. Fleurs et rinceaux rouges.	['vase : faïence fine (modelé, cuisson, émail modelé en relief)', 'monture : bronze (sculpté, doré)']	https://pop.culture.gouv.fr/notice/joconde/00290100805	musée Théodore Deck et des pays du Florival	Guebwiller	THD-DB-2002.1.113 ; D-THD 996.1.3 (ancien numéro) ; THD-DB 002.1.113 (ancien numéro)	['https://pop-perf-assets.s3.gra.io.cloud.ovh.net/joconde/00290100805/thd-db-2002-1-113-1r54i1x.jpg', 'https://pop-perf-assets.s3.gra.io.cloud.ovh.net/joconde/00290100805/thd-db-2002-1-113-1yr4gan.jpg', 'https://pop-perf-assets.s3.gra.io.cloud.ovh.net/joconde/00290100805/thd-db-2002-1-113-10nrn1f.jpg', 'https://pop-perf-assets.s3.gra.io.cloud.ovh.net/joconde/00290100805/thd-db-2002-1-113-1s7920m.jpg', 'https://pop-perf-assets.s3.gra.io.cloud.ovh.net/joconde/00290100805/thd-db-2002-1-113-2xi883.jpg']
Pied de lampe	['Deck Théodore (1823-1891) (céramiste)']	[]	Lampe à long col sur monture en bronze. Tête de bovidé sculptée dans la monture. Fond blanc décoré de motifs en frise. Fleurs et rinceaux bleus. Motifs inspirés de la calligraphie coufique.	['vase : faïence fine (modelé, cuisson, émail modelé en relief)', 'monture : bronze (sculpté, doré)']	https://pop.culture.gouv.fr/notice/joconde/00290100802	musée Théodore Deck et des pays du Florival	Guebwiller	THD-DB-2002.1.89 ; D-THD 996.1.2 (ancien numéro) ; THD-DB 002.1.89 (ancien numéro)	['https://pop-perf-assets.s3.gra.io.cloud.ovh.net/joconde/00290100802/thd-db-2002-1-89-4qn5c3.jpg', 'https://pop-perf-assets.s3.gra.io.cloud.ovh.net/joconde/00290100802/thd-db-2002-1-89-yfgkoz.jpg', 'https://pop-perf-assets.s3.gra.io.cloud.ovh.net/joconde/00290100802/thd-db-2002-1-89-1b930pr.jpg', 'https://pop-perf-assets.s3.gra.io.cloud.ovh.net/joconde/00290100802/thd-db-2002-1-89-16w8g76.jpg']
Nan	['LACHENAL Edmond (céramiste)']	['1921']	Soucoupe évasée. L'extérieur est couvert d'un émail vert/bleu avec coulures. La lèvre est soulignée de points noirs débordant à l'extérieur et à l'intérieur de la coupe	"[""faïence (tourné, cuisson de dégourdi, glaçure à l'étain, peint, cuisson de grand feu)""]"	https://pop.culture.gouv.fr/notice/joconde/07450027617	musée Dobrée	Nantes	927.1.520	['https://pop-perf-assets.s3.gra.io.cloud.ovh.net/joconde/07450027617/0009427.jpg', 'https://pop-perf-assets.s3.gra.io.cloud.ovh.net/joconde/07450027617/0009428.jpg', 'https://pop-perf-assets.s3.gra.io.cloud.ovh.net/joconde/07450027617/0009996.jpg', 'https://pop-perf-assets.s3.gra.io.cloud.ovh.net/joconde/07450027617/0009997.jpg', 'https://pop-perf-assets.s3.gra.io.cloud.ovh.net/joconde/07450027617/0009998.jpg']
Plat à la danseuse (titre d'usage)	['Deck Théodore (1823-1891) (céramiste)', 'Ehrmann François Émile (1833-1910) (peintre)']	['1867']	Assiette à fond bleu turquoise. Au centre une femme entourée d'une composition florale aux œillets, feuilles saz et tiges courbes de style Iznik. La danseuse est vêtue d'une jupe aux motifs fleuris et d'un court boléro vert dévoilant sa poitrine. Debout sur un croissant de lune, elle semble danser tout en jouant avec des cymbales à doigts qu'elle tient entre ses mains.	['faïence fine (modelé, cuisson, émail peint)']	https://pop.culture.gouv.fr/notice/joconde/00290100823	musée Théodore Deck et des pays du Florival	Guebwiller	THD-DB-2002.1.83 	['https://pop-perf-assets.s3.gra.io.cloud.ovh.net/joconde/00290100823/thd-db-2002-1-83-orcmot.jpg']
style Iznik	['Deck Théodore (céramiste)']	['1860', '1870']	Plat rond sur talon à bords chantournés. Décor de style Iznik. Fond bleu foncé orné de bouquets d’œillets, de tulipes et de feuilles saz. Marli au fond bleu clair avec motifs de fleurs.	['faïence fine (modelé, cuisson, émail peint sous couverte)']	https://pop.culture.gouv.fr/notice/joconde/00290101273	musée Théodore Deck et des pays du Florival	Guebwiller	THD-993.3.10 	['https://pop-perf-assets.s3.gra.io.cloud.ovh.net/joconde/00290101273/thd-993-3-10-1pefn2l.jpg']
Pied de lampe	['Deck Théodore (1823-1891) (céramiste)']	['1870']	Lampe à long col sur monture en bronze. Fond blanc décoré de motifs en frise et en médaillons. Fleurs et rinceaux rouges.	['vase : faïence fine (modelé, cuisson, émail modelé en relief)', 'monture : bronze (sculpté, doré)']	https://pop.culture.gouv.fr/notice/joconde/00290100805	musée Théodore Deck et des pays du Florival	Guebwiller	THD-DB-2002.1.113 	['https://pop-perf-assets.s3.gra.io.cloud.ovh.net/joconde/00290100805/thd-db-2002-1-113-1r54i1x.jpg', 'https://pop-perf-assets.s3.gra.io.cloud.ovh.net/joconde/00290100805/thd-db-2002-1-113-1yr4gan.jpg', 'https://pop-perf-assets.s3.gra.io.cloud.ovh.net/joconde/00290100805/thd-db-2002-1-113-10nrn1f.jpg', 'https://pop-perf-assets.s3.gra.io.cloud.ovh.net/joconde/00290100805/thd-db-2002-1-113-1s7920m.jpg', 'https://pop-perf-assets.s3.gra.io.cloud.ovh.net/joconde/00290100805/thd-db-2002-1-113-2xi883.jpg']
Pied de lampe	['Deck Théodore (1823-1891) (céramiste)']	[]	Lampe à long col sur monture en bronze. Tête de bovidé sculptée dans la monture. Fond blanc décoré de motifs en frise. Fleurs et rinceaux bleus. Motifs inspirés de la calligraphie coufique.	['vase : faïence fine (modelé, cuisson, émail modelé en relief)', 'monture : bronze (sculpté, doré)']	https://pop.culture.gouv.fr/notice/joconde/00290100802	musée Théodore Deck et des pays du Florival	Guebwiller	THD-DB-2002.1.89 	['https://pop-perf-assets.s3.gra.io.cloud.ovh.net/joconde/00290100802/thd-db-2002-1-89-4qn5c3.jpg', 'https://pop-perf-assets.s3.gra.io.cloud.ovh.net/joconde/00290100802/thd-db-2002-1-89-yfgkoz.jpg', 'https://pop-perf-assets.s3.gra.io.cloud.ovh.net/joconde/00290100802/thd-db-2002-1-89-1b930pr.jpg', 'https://pop-perf-assets.s3.gra.io.cloud.ovh.net/joconde/00290100802/thd-db-2002-1-89-16w8g76.jpg']
style Iznik	['Deck Théodore (1823-1891) (céramiste)']	[]	Plat rond sur talon à décor de style Iznik. Bouquet composée de tulipes, d'oeillets et de jacinthes sur fond blanc. Feuilles saz et volutes sur le marli.	['faïence fine (modelé, cuisson, émail peint sous couverte)']	https://pop.culture.gouv.fr/notice/joconde/00290100816	musée Théodore Deck et des pays du Florival	Guebwiller	THD-DB-2002.1.43 	['https://pop-perf-assets.s3.gra.io.cloud.ovh.net/joconde/00290100816/thd-db-2002-1-43-cvebbo.jpg']
Pied de lampe	['Deck Théodore (1823-1891) (céramiste)']	[]	Lampe à long col sur monture en bronze. Fond blanc décoré de motifs en frise et en médaillons. Fleurs et rinceaux bleus.	['vase : faïence fine (modelé, cuisson, émail modelé en relief)', 'monture : bronze (sculpté, doré)']	https://pop.culture.gouv.fr/notice/joconde/00290100806	musée Théodore Deck et des pays du Florival	Guebwiller	THD-DB-2002.1.95 	['https://pop-perf-assets.s3.gra.io.cloud.ovh.net/joconde/00290100806/thd-db-2002-1-95-14wyig1.jpg', 'https://pop-perf-assets.s3.gra.io.cloud.ovh.net/joconde/00290100806/thd-db-2002-1-95-84mcz9.jpg', 'https://pop-perf-assets.s3.gra.io.cloud.ovh.net/joconde/00290100806/thd-db-2002-1-95-1o2qyg4.jpg', 'https://pop-perf-assets.s3.gra.io.cloud.ovh.net/joconde/00290100806/thd-db-2002-1-95-rmqnt9.jpg']
style Iznik	['Deck Théodore (1823-1891) (céramiste)']	[]	Plat rond sur talon à bords chantournés. Décor de style Iznik. Marli et fond blanc peints de motifs végétaux : oeillets, jacinthes et feuilles saz.	['faïence fine (modelé, cuisson, émail peint sous couverte)']	https://pop.culture.gouv.fr/notice/joconde/00290100821	musée Théodore Deck et des pays du Florival	Guebwiller	THD-DB-2002.1.44 	['https://pop-perf-assets.s3.gra.io.cloud.ovh.net/joconde/00290100821/thd-db-2002-1-44-zox2oh.jpg']
Nan	['Deck Théodore (1823-1891) (céramiste)']	[]	Vase en faïence fine à décor d'émaux polychromes. Forme de lampe de mosquée. Fond brun-vert évoquant le bronze patiné et motifs stylisés bleu turquoise. Décor géométrique reprenant les formes des lettres de l'alphabet arabe. Fleurs et rinceaux bleu turquoise. Sur le col du vase, un animal portant une selle se détache sur un fond rouge Iznik. Théodore Deck a transposé en céramique le décor réalisé à l'origine sur du verre translucide sur un objet gravé par le dessinateur Aldabert de Beaumont. Ce modèle pourrait être une gravure d'une lampe mamelouke de la collection du baron Alphonse de Rothschild, dont une est actuellement conservée au musée du Louvre.	['faïence fine (modelé, cuisson, émail peint)']	https://pop.culture.gouv.fr/notice/joconde/00290101272	musée Théodore Deck et des pays du Florival	Guebwiller	THD-993.3.9 	['https://pop-perf-assets.s3.gra.io.cloud.ovh.net/joconde/00290101272/thd-993-3-9-18wiibd.jpg']
style Iznik	['Deck Théodore (1823-1891) (céramiste)']	['1855-1860']	Plat rond sur talon à bords chantournés. Décor de style Iznik. Marli et fond blanc au décor de fleurs, d'oeillets, de jacinthes et de feuilles saz. Au revers, le marli est orné de motifs floraux et d'un liséré bleu sur le rebord.	['faïence fine (modelé, cuisson, émail peint sous couverte)']	https://pop.culture.gouv.fr/notice/joconde/00290101166	musée Théodore Deck et des pays du Florival	Guebwiller	THD-975.1.17 	['https://pop-perf-assets.s3.gra.io.cloud.ovh.net/joconde/00290101166/thd-975-1-17-3fy3s3.jpg', 'https://pop-perf-assets.s3.gra.io.cloud.ovh.net/joconde/00290101166/thd-975-1-17-vgq8mr.jpg', 'https://pop-perf-assets.s3.gra.io.cloud.ovh.net/joconde/00290101166/thd-975-1-17-o9c6n4.jpg', 'https://pop-perf-assets.s3.gra.io.cloud.ovh.net/joconde/00290101166/thd-975-1-17-e1l7kl.jpg']
Nan	['Deck Théodore (1823-1891) (céramiste)']	[]	Assiette à décor orientalisant. Plusieurs registres de frises circulaires ornent le fond et le marli, aux motifs végétaux et aux inscriptions calligraphiées. Forme enroulée en spirale au milieu. Dos de l'assiette à fond blanc orné d'un décor à l'éponge bleu turquoise et bleu marine.	['faïence fine (modelé, cuisson, émail modelé en relief)']	https://pop.culture.gouv.fr/notice/joconde/00290101289	musée Théodore Deck et des pays du Florival	Guebwiller	THD-994.3.6 	['https://pop-perf-assets.s3.gra.io.cloud.ovh.net/joconde/00290101289/thd-994-3-6-179ghyb.jpg']
style Iznik	['Deck Théodore (1823-1891) (céramiste)']	[]	Assiette à bord légèrement relevé et à décor de style Iznik. Fond rouge avec motifs végétaux en rosace. Bord au fond bleu clair orné d'une frise de fleurs rouges et blanches.	['faïence fine (modelé, cuisson, émail peint sous couverte)']	https://pop.culture.gouv.fr/notice/joconde/00290103115	musée Théodore Deck et des pays du Florival	Guebwiller	THD-DB-2002.1.66 	['https://pop-perf-assets.s3.gra.io.cloud.ovh.net/joconde/00290103115/thd-db-2002-1-66-1lsckls.jpg']
Vase à décor orientaliste	['Lachenal Edmond (1855-1948)']	[]	Vase piriforme à long col sur un léger piédouche ; décor d'arabesques, de feuilles et de fleurs. La lèvre est soulignée d'une frise fleurie.	['faïence stannifère', 'décor polychrome']	https://pop.culture.gouv.fr/notice/joconde/04170021989	musée du domaine départemental de Sceaux	Sceaux	2003.1.1	['https://pop-perf-assets.s3.gra.io.cloud.ovh.net/joconde/04170021989/0a3e93a98d5b07855261.jpg']
Nan	['VIEILLARD Jules & Cie (manufacture)']	[]		['faïence, polychrome, émail, champlevé, cloisonné']	https://pop.culture.gouv.fr/notice/joconde/00640054270	musée d'Aquitaine	Bordeaux	D.80.2.222	['https://pop-perf-assets.s3.gra.io.cloud.ovh.net/joconde/00640054270/0045340.jpg']
Nan	['manufacture J. Vieillard & Cie']	[]	Assiette en porcelaine à décor polychrome. Décor sur l'aile et le marli d'une arcature gothique.	['porcelaine', 'peint polychrome']	https://pop.culture.gouv.fr/notice/joconde/00660019659	musée des arts décoratifs et du design	Bordeaux	70.1.183	['https://pop-perf-assets.s3.gra.io.cloud.ovh.net/joconde/00660019659/09ae5302028695c9fe52.jpg', 'https://pop-perf-assets.s3.gra.io.cloud.ovh.net/joconde/00660019659/09ae530202881d125623.jpg']
Nan	['Manufacture J. Vieillard & Cie', 'Caranza de Amédée (1843-1914)']	['1878']	Fontaine d'applique en faïence fine décorée d'émaux cernés en relief et fond d'or. Sur une base rectangulaire, une vasque sur pied entre deux colonnes soutenant un arc brisé, l'ensemble couronné de palmettes lancéolées. La vasque se détache sur un fond turquoise sommé d'un arc polylobé orné d'un vase d'où jaillissent des fleurs. Le robinet en laiton de la fontaine est placé au dessus du vase. Un fond d'or occupe l'espace entre les deux arcatures à décor épigraphique et floral.	['laiton', 'faïence fine', 'émaux en relief']	https://pop.culture.gouv.fr/notice/joconde/00660019674	musée des arts décoratifs et du design	Bordeaux	73.1.428	['https://pop-perf-assets.s3.gra.io.cloud.ovh.net/joconde/00660019674/232NU060_73.1.428___Photo_Lysiane_Gauthier_mairie_de_Bordeaux_1_preview.jpg', 'https://pop-perf-assets.s3.gra.io.cloud.ovh.net/joconde/00660019674/232NU061_73.1.428___Photo_Lysiane_Gauthier_mairie_de_Bordeaux_preview.jpg']
Nan	['Caranza de Amédée (1843-1914)', 'Vieillard Jules & Cie']	['1878 vers']	Grande vasque en faïence fine de forme circulaire sur pied rond, occupée en son centre par un socle rond que surmonte une femme noire portant sur sa tête un vase à panse large se resserrant vers l'encolure. En partie basse, la vasque arbore un décor émaillé à dominante turquoise de motifs géométriques et floraux stylisés d'inspiration Iznik. La femme est vêtue d'une longue robe jaune et blanche, ceinte d'une large draperie turquoise et porte un collier et un diadème d'inspiration égyptienne. 	['faïence stannifère', 'émaux peints', 'émaux en relief']	https://pop.culture.gouv.fr/notice/joconde/00660019675	musée des arts décoratifs et du design	Bordeaux	73.1.429	['https://pop-perf-assets.s3.gra.io.cloud.ovh.net/joconde/00660019675/0bfd689c2624966e2020.jpg']
Nan	['Vieillard Jules & Cie']	[]	Grand vase de forme renflée à petit col droit. Décor japonisant polychrome : sur la panse, large bandeau de fleurs quadrilobes en camaïeu bleu, interrompu par un paysage japonais en camaïeu bistre inscrit dans un cartouche en éventail et interrompu encore par un disque à décor rayonnant d'arabesques rouges sur fond jaune. Fond de branches de pivoines et de glycines. Au pied, frise de motifs lancéolés orange, rouge et jaune sur fond gris. Au col, frise de motifs floraux stylisés dans les mêmes tons.	['faïence fine', 'moulé', 'émaux en relief']	https://pop.culture.gouv.fr/notice/joconde/00660019962	musée des arts décoratifs et du design	Bordeaux	2002.2.1	['https://pop-perf-assets.s3.gra.io.cloud.ovh.net/joconde/00660019962/inv._2002.2.1._Ph_Lysiane_Gauthier__mairie_de_Bordeaux_preview.jpg']
Nan	['Vieillard Jules & Cie']	['1845-1895']	Porcelaine. Décor polychrome sur fond blanc. ; A bord uni. Décor sur l'aile et le marli d'une arcature gothique enguirlandée à la façon de la porcelaine de Minton.	['porcelaine', 'peint polychrome']	https://pop.culture.gouv.fr/notice/joconde/00660020977	musée des arts décoratifs et du design	Bordeaux	70.1.184	['https://pop-perf-assets.s3.gra.io.cloud.ovh.net/joconde/00660020977/0c902de2f404a29a1f80.jpg']
Nan	['Vieillard Jules & Cie']	['1845-1895']	Porcelaine. Décor polychrome sur fond blanc. A bord uni. Décor sur l'aile et le marli d'une arcature gothique enguirlandée à la façon de la porcelaine de Minton.	['porcelaine', 'peint polycrhome']	https://pop.culture.gouv.fr/notice/joconde/00660020978	musée des arts décoratifs et du design	Bordeaux	70.1.185	['https://pop-perf-assets.s3.gra.io.cloud.ovh.net/joconde/00660020978/0c902de321aae19176cf.jpg']
Nan	['Vieillard Jules & Cie']	['1878-1895']	Faïence fine, décor polychrome d'émaux en relief en bordure et décor peint au centre. Grand plat rond de forme aplatie et bord uni. Large bordure rayonnante d'émaux en relief d'inspiration turque ou persane de fleurons safran et bleus sur fond jaune pâle, entourant un grand médaillon avec iris et oiseaux peints au naturel.	['faïence fine', 'émaux en relief', 'émaux peints', 'peint polychrome']	https://pop.culture.gouv.fr/notice/joconde/00660020983	musée des arts décoratifs et du design	Bordeaux	70.1.206	['https://pop-perf-assets.s3.gra.io.cloud.ovh.net/joconde/00660020983/0c90404f5a5d8daa307b.jpg']
Vase à décor persan	['Caranza de Amédée (1843-1914)', 'Vieillard Jules & Cie']	['1845-1895']	Faïence fine avec décor polychrome d'émaux cloisonnés ; Vase de forme fuselée, base légèrement renflée sur talon s'amincissant vers un petit col évasé. Décor d'émaux polychromes sur fond vermiculé violacé. Motifs de type persan : tulipes, palmettes, et cyprès se tordant en flammes. Intérieur vert pâle.	['faïence fine', 'emaux cloisonnés']	https://pop.culture.gouv.fr/notice/joconde/00660020994	musée des arts décoratifs et du design	Bordeaux	71.4.5	['https://pop-perf-assets.s3.gra.io.cloud.ovh.net/joconde/00660020994/0c9013a4b1e3f9f484eb.jpg', 'https://pop-perf-assets.s3.gra.io.cloud.ovh.net/joconde/00660020994/0c9013a4bdcf0865afd4.jpg']
Vase à décor persan	['Caranza de Amédée (1843-1914)', 'Manufacture J. Vieillard & Cie']	[]	Vase de forme fuselée, base légèrement renflée sur talon s'amincissant vers un petit col évasé. Décor d'émaux polychromes sur fond vermiculé violacé. Motifs de type persan : tulipes, palmettes, et cyprès se tordant en flammes. Intérieur vert pâle.	['faïence fine', 'emaux cloisonnés']	https://pop.culture.gouv.fr/notice/joconde/00660020995	musée des arts décoratifs et du design	Bordeaux	71.4.6	['https://pop-perf-assets.s3.gra.io.cloud.ovh.net/joconde/00660020995/0c90139f7214ce5ad539.jpg', 'https://pop-perf-assets.s3.gra.io.cloud.ovh.net/joconde/00660020995/0c90139f73c07b6c9505.jpg', 'https://pop-perf-assets.s3.gra.io.cloud.ovh.net/joconde/00660020995/0c90139f7ef5a4297bd3.jpg']
Nan	['Vieillard Jules & Cie']	[]	Décor d'émaux en relief polychrome sur faïence stannifère. Décor d'émaux polychromes dans le goût turc.	['faïence stannifère', 'émaux en relief']	https://pop.culture.gouv.fr/notice/joconde/00660021026	musée des arts décoratifs et du design	Bordeaux	73.1.430.2	['https://pop-perf-assets.s3.gra.io.cloud.ovh.net/joconde/00660021026/0c90406630f7555f5c6b.jpg']
Nan	['Vieillard Jules & Cie']	[]	Décor d'émaux en relief polychrome sur faïence stannifère. ; Décor d'émaux plolychromes dans le goût turc. 9 d'une série de 12.	['faïence stannifère', 'émaux en relief']	https://pop.culture.gouv.fr/notice/joconde/00660021028	musée des arts décoratifs et du design	Bordeaux	73.1.430.4	['https://pop-perf-assets.s3.gra.io.cloud.ovh.net/joconde/00660021028/0c904070a1f6df656c2e.jpg']
Nan	['Vieillard Jules & Cie']	[]	Décor d'émaux en relief polychrome sur faïence stannifère. Décor d'émaux polychromes dans le goût turc.	['faïence stannifère', 'émaux en relief']	https://pop.culture.gouv.fr/notice/joconde/00660021030	musée des arts décoratifs et du design	Bordeaux	73.1.430.6	['https://pop-perf-assets.s3.gra.io.cloud.ovh.net/joconde/00660021030/0c904075625e6fbc723f.jpg']
Nan	['Vieillard Jules & Cie']	[]	Décor d'émaux en relief polychrome sur faïence stannifère. Décor d'émaux polychromes dans le goût turc.	['faïence stannifère', 'émaux en relief']	https://pop.culture.gouv.fr/notice/joconde/00660021031	musée des arts décoratifs et du design	Bordeaux	73.1.430.7	['https://pop-perf-assets.s3.gra.io.cloud.ovh.net/joconde/00660021031/0c904075ab555d411b36.jpg', 'https://pop-perf-assets.s3.gra.io.cloud.ovh.net/joconde/00660021031/0c904075ac812c50d472.jpg']
Nan	['Caranza de Amédée (1843-1914)', 'Vieillard Jules & Cie']	['1845-1895']	Faïence fine, décor polychrome d'émaux en relief. Assiette décorative, plate, à bord uni. Décor rayonnant d'émaux polychromes dans le goût persan; à partir d'un médaillon central s'épanouissent des compartiments de forme contournée à décor floral stylisé.	['faïence fine', 'émaux en relief']	https://pop.culture.gouv.fr/notice/joconde/00660021046	musée des arts décoratifs et du design	Bordeaux	74.3.13	['https://pop-perf-assets.s3.gra.io.cloud.ovh.net/joconde/00660021046/0c90228d1b0c78f61c5d.jpg']
Nan	['Caranza de Amédée (1843-1914)', 'Vieillard Jules & Cie']	['1845-1895']	Faïence fine à décor polychrome d'émaux en relief ; Assiette décorative. Plate, à bord uni. Décor polychrome dans le goût persan. A partir d'une rosace centrale s'épanouissent six compartiments de forme contournée bleus à décor floral noir sur fond d'écailles brunes. Rinceaux en bordure.	['faïence fine', 'émaux en relief']	https://pop.culture.gouv.fr/notice/joconde/00660021045	musée des arts décoratifs et du design	Bordeaux	74.3.12	['https://pop-perf-assets.s3.gra.io.cloud.ovh.net/joconde/00660021045/0c90228d7732ad3e52d8.jpg']
Nan	['Caranza de Amédée (1843-1914)', 'Vieillard Jules & Cie']	['1878-1885']	Faïence fine avec décor polychrome d' émaux en relief ; Assiette décorative, plate, à bord uni. Décor polychrome rayonnant dans le goût persan. Autour d'un médaillon central de cinq fleurons dix compartiments sont alternativement ornés d'écailles vertes sur fond noir et de branches fleuries sur fond rouge.	['faïence fine', 'émaux en relief']	https://pop.culture.gouv.fr/notice/joconde/00660021047	musée des arts décoratifs et du design	Bordeaux	74.3.14	['https://pop-perf-assets.s3.gra.io.cloud.ovh.net/joconde/00660021047/0c90228cc879b1b37aeb.jpg']
Plat à décor persan	['Jules Vieillard et cie', 'Caranza de Amédée (1843-1914)']	['1845-1895']	Faïence fine à décor d'émaux polychromes en relief et cloisonnés ; Grand plat rond décoratif, à bord uni. Décor rayonnant polychrome sur fond bleu d'émaux en relief et cloisonnés. Rosace de douze pétales, alternativement ornés de branches fleuries sur fond turquoise et de quadrillages polychromes. Cartouches fleuris et quadrillés, alternativement alllongés et ronds, en bordure.	['faïence fine', 'émaux en relief', 'émaux cloisonnés']	https://pop.culture.gouv.fr/notice/joconde/00660021056	musée des arts décoratifs et du design	Bordeaux	75.3.8	['https://pop-perf-assets.s3.gra.io.cloud.ovh.net/joconde/00660021056/0c90101264d34bd60b86.jpg']
Nan	['Caranza de Amédée (1843-1914)', 'Manufacture J. Vieillard & Cie']	['1845-1895']	"Rond et plat à bord uni. 
Décor d'émaux polychromes sur fond brun dessinant une composition florale symétrique dans le goût persan."	['faïence fine', 'émaux', 'émaux cloisonnés']	https://pop.culture.gouv.fr/notice/joconde/00660021064	musée des arts décoratifs et du design	Bordeaux	78.2.10	['https://pop-perf-assets.s3.gra.io.cloud.ovh.net/joconde/00660021064/0c90139f22de0149fe0c.jpg']
Nan	['Vieillard Jules & Cie']	['1845-1895']	Faïence fine, décor d'émaux en relief doré sur fond brun à bandeau orangé. Potiche sur talon droit à panse arrondie  et col court largement évasé, bord en méplat; anses latérales en forme de têtes d'éléphants. Sur fon brun barré sur la panse d'un bandeau orange, décor doré en relief de fleurs et feuillages.	"['faîence fine', 'émaux en relief', ""rehaussé d'or""]"	https://pop.culture.gouv.fr/notice/joconde/00660021099	musée des arts décoratifs et du design	Bordeaux	86.2.10	['https://pop-perf-assets.s3.gra.io.cloud.ovh.net/joconde/00660021099/0c9010135237fbcbb9a9.jpg', 'https://pop-perf-assets.s3.gra.io.cloud.ovh.net/joconde/00660021099/0c90101353ceafa30c04.jpg']
Nan	['Vieillard Jules & Cie']	[]	Faïence fine à décor d'émaux peints et émaux cloisonnés polychromes. Pendule à cinq lobes disposés autour du cadran. Décor de blasons dans des réserves trilobées sur fond brun rehaussé de rinceaux et de cinq lions noirs. Au centre, armoiries timbrées d'un casque de face, supportées par deux lions sur fond de rinceaux.	['faïence fine', 'émaux cloisonnés', 'émaux peints']	https://pop.culture.gouv.fr/notice/joconde/00660021102	musée des arts décoratifs et du design	Bordeaux	87.2.5	['https://pop-perf-assets.s3.gra.io.cloud.ovh.net/joconde/00660021102/0c9013a4f31e5232998e.jpg']
Lampe carcel	['Vieillard Jules & Cie']	[]	"Pied en régule, globe en verre dépoli.
Lampe à pétrole dont le corps est constitué d'un vase à anse en bambou figuré de style composite et japonisant. Décor : motif de palmettes et de rinceaux en gris et rose sur fond turquoise. Pied en régule et globe moderne."	['faïence fine', 'régule', 'verre', 'emaux en relief', 'emaux cloisonnés', 'verre dépoli']	https://pop.culture.gouv.fr/notice/joconde/00660021114	musée des arts décoratifs et du design	Bordeaux	91.2.8	['https://pop-perf-assets.s3.gra.io.cloud.ovh.net/joconde/00660021114/0c90101212a2dc648381.jpg']
Lampe carcel	['Vieillard Jules & Cie']	[]	"Pied en régule, globe en verre dépoli. 
Lampe à pétrole dont le corps est constitué d'un vase à anse en bambou figuré de style composite et japonisant. Décor : motif de palmettes et de rinceaux en gris et rose sur fond turquoise. Pied en régule et globe moderne. Couleurs plus soutenues que la lampe n° 91.2.8, résultant d'une cuisson plus forte?"	"['régule', 'faïence fine', ""verre d'urane"", 'emaux en relief', 'emaux cloisonnés', 'verre dépoli']"	https://pop.culture.gouv.fr/notice/joconde/00660021113	musée des arts décoratifs et du design	Bordeaux	91.2.7	['https://pop-perf-assets.s3.gra.io.cloud.ovh.net/joconde/00660021113/0c901012077f3c332966.jpg']
Cache-pot à décor persan	['Vieillard Jules & Cie']	[]	Grande vasque ronde. Bourrelet en bordure, anses latérales en forme de tête d'éléphant. Intérieur bleu, tacheté de bleu. Décor dans le goût persan de fleurs et rinceaux stylisés sur fond blanc et vert.	['faïence fine', 'emaux en relief', 'emaux cloisonnés']	https://pop.culture.gouv.fr/notice/joconde/00660021112	musée des arts décoratifs et du design	Bordeaux	91.2.1	['https://pop-perf-assets.s3.gra.io.cloud.ovh.net/joconde/00660021112/0c90229843049a7d09c8.jpg', 'https://pop-perf-assets.s3.gra.io.cloud.ovh.net/joconde/00660021112/0c90229844903e6b3e9f.jpg', 'https://pop-perf-assets.s3.gra.io.cloud.ovh.net/joconde/00660021112/09ae5306b4b02f42a6b3.jpg']
Plat ovale à décor persan	['Vieillard Jules & Cie']	[]	Petit plat ovale à décor polychrome d'émaux cloisonnés dans le goût persan ; à partir d'un médaillon central, motifs floraux symétriques sur fond d'écailles bleues.  Filets jaune et noir en bordure.	['faïence fine', 'emaux cloisonnés']	https://pop.culture.gouv.fr/notice/joconde/00660021139	musée des arts décoratifs et du design	Bordeaux	98.2.3	['https://pop-perf-assets.s3.gra.io.cloud.ovh.net/joconde/00660021139/0c90228ff99fb8f0d07f.jpg', 'https://pop-perf-assets.s3.gra.io.cloud.ovh.net/joconde/00660021139/0c902290057012eaf5aa.jpg', 'https://pop-perf-assets.s3.gra.io.cloud.ovh.net/joconde/00660021139/09ae5301f8161932641f.jpg']
Plat ovale à décor persan	['Vieillard Jules & Cie']	[]	Petit plat ovale à décor polychrome d'émaux cloisonnés dans le goût persan ; à partir d'un médaillon central, motifs floraux symétriques sur fond d'écailles bleues. Filets jaune et noir en bordure.	['faïence fine', 'emaux cloisonnés']	https://pop.culture.gouv.fr/notice/joconde/00660021140	musée des arts décoratifs et du design	Bordeaux	98.2.4	['https://pop-perf-assets.s3.gra.io.cloud.ovh.net/joconde/00660021140/0c90228fa8c9fbae580e.jpg', 'https://pop-perf-assets.s3.gra.io.cloud.ovh.net/joconde/00660021140/0c90228faa4bf1e0ab44.jpg', 'https://pop-perf-assets.s3.gra.io.cloud.ovh.net/joconde/00660021140/09ae5301f8161932641f.jpg']
Nan	['CARANZA (potier)', 'VIEILLARD Jules & Cie (manufacture)']	[]	Faïence cloisonnée . ; Plat circulaire fond jaune à décor de perroquets.	['faïence, polychrome']	https://pop.culture.gouv.fr/notice/joconde/00640054121	musée d'Aquitaine	Bordeaux	90.65.1	['https://pop-perf-assets.s3.gra.io.cloud.ovh.net/joconde/00640054121/0011920.jpg']
Nan	['Caranza de Amédée (1843-1914)', 'Vieillard Jules & Cie']	['1880 vers']	Faïence fine, émaux en relief polychromes ; Aiguière sur présentoir. Décor floral polychrome dans le goût persan sur fond rouge, interrompu par une frise de fleurs polychromes sur fond or. Anse et intérieur de l'aiguière noirs. Bordure et revers du présentoir noirs.	['faïence fine', 'émaux en relief']	https://pop.culture.gouv.fr/notice/joconde/00660021103	musée des arts décoratifs et du design	Bordeaux	87.2.8	['https://pop-perf-assets.s3.gra.io.cloud.ovh.net/joconde/00660021103/0c901015846c97c35a55.jpg', 'https://pop-perf-assets.s3.gra.io.cloud.ovh.net/joconde/00660021103/0c90101586109c897ec9.jpg', 'https://pop-perf-assets.s3.gra.io.cloud.ovh.net/joconde/00660021103/0c90101588daf209f4c1.jpg']
Nan	['METTHEY André (auteur)']	['1910 - 1920']	"Terre vernissée ; A l’instar de Carriès, André Metthey travaille en solitaire et réalise l’ensemble de la fabrication, de la conception à la réalisation, poursuivant en cela l’évolution amorcée fin XIXème vers un art céramique comme expression d’une personnalité. En rupture avec le courant dominant austère de l’époque, Metthey aspire à une céramique haute en couleur en faisant appel, dans un premier temps, aux peintres. Cette collaboration se fait avec les plus grands : Denis, Rouault, Vlaminck, Maillol, Derain, Roussel, Van Dongen, Vuillard, Luce.  Une deuxième période voit l’abandon de la faïence stannifère au profit des terres vernissées qui lui conviennent mieux ; sur ce support, les émaux conservent tout leur éclat. Une certaine robustesse des formes, de larges touches de tons éteints, une fougue d’exécution caractérisent ces pièces. Y succèdent  des décors figurés et dynamiques, accompagnés d’un changement de style. Les effets un peu sauvages des compositions florales vivement brossées laissent place à une technique plus précise et à des rythmes plus aboutis même s’ils sont plus saccadés : Danses frénétiques, cortèges d’animaux, guerriers nus poursuivant des gazelles, femmes jouant avec des biches, athlètes terrassant des lions. Avec des tons plus nuancés de gris, rose, vert, bleu, la palette devient plus harmonieuse ; le rouge éclatant est sa dernière conquête. Avec ces dernières pièces, Metthey annonce les thèmes chers à l’art déco.  Les pièces acquises par le musée en 2011 datent de la même période 1910-1920 que les modèles dessinés offerts par le petit-fils de Metthey au musée, en 1998. La figuration de personnages nus, souvent associés à des animaux, qui  évoque de façon très allusive l'antiquité autant qu'un âge d'or primitif, est à replacer dans le contexte du ""retour à l'ordre"". Ces formes très simplifiées, aux ombres marquées donnant le volume, s'accordent à la sobriété des formes et de la texture des pièces. Metthey concilie le goût et l'art de la couleur (en particulier la mise en valeur réciproque des turquoise et bleu nuit, pour les pièces acquises) issus de son expérience avec les peintres ""fauves"", avec un goût de la plastique hérité des ateliers de sculpture qu'il fréquenta. (Rémi Cariel, 2011)"	['terre (glaçure plombifère)']	https://pop.culture.gouv.fr/notice/joconde/01370045552	musée des beaux-arts	Dijon	2011-4-1	['https://pop-perf-assets.s3.gra.io.cloud.ovh.net/joconde/01370045552/09b7069289b87fd03134.jpg']
Vase à décor émail et or (élément d'une paire) ; Vase à décor émail et or (titre du registre d'inventaire)	['Metthey André (1871-1920)']	['1909\xa0entre', '1914\xa0et', '1910', '1911', '1912', '1913']		['faïence, or\xa0(peint, glaçure)']	https://pop.culture.gouv.fr/notice/joconde/03960000130	musée départemental Maurice Denis	Saint-Germain-en-Laye	PMD 982.16.1.2	['https://pop-perf-assets.s3.gra.io.cloud.ovh.net/joconde/03960000130/56a325a38f87c0.jpg']
Vase bleu et gris	['Metthey André (1871-1920)']	['1910 - 1920']	"Terre vernissée ; Après une période haute en couleur en collaboration avec les plus grands peintres, Metthey abandonne vers 1910 la faïence stannifère au profit des terres vernissées, d'aspect plus rustiques mais permettant toutes les audaces chromatiques. Une certaine robustesse des formes, une fougue d'exécution caractérisent ces pièces. La figuration de personnages nus, souven tassociés à des animaux, qui évoque de façon très allusive l'antiquité autant qu'un âge d'or primitif, est à replacer dans le contexte du ""retour à l'ordre"" : danses frénétiques, cortèges d'animaux, guerriers nus poursuivant des gazelles, femmes jouant avec des biches, athlètes terrassant des lions. Les formes très simplifiées, aux ombres marquées donnant le volume, s'accordent à la sobriété des formes et de la texture des pièces. Avec des tons plus nuancés de gris, rose, vert, bleu, la palette devient plus harmonieuse. Ces pièces datent de la même période 1910-1920 que les modèles dessinés offerts par le petit-fils de Metthey au musée, en 1998.  (d'après Rémi Cariel, 2011)"	['terre (glaçure plombifère)']	https://pop.culture.gouv.fr/notice/joconde/01370056832	musée des beaux-arts	Dijon	2011-5-5	['https://pop-perf-assets.s3.gra.io.cloud.ovh.net/joconde/01370056832/09b706928a933f8f2163.jpg']
Nan	['Manufacture de Longwy (1798-....)']	['1796 après']	Porte-crayons à deux compartiments, à décor polychrome floral jaune et rouge sur fond bleu. Emaux cloisonnés sur décor imprimé dans le biscuit. Veine japonisante	['terre cuite', 'faïence (décor de petit feu)']	https://pop.culture.gouv.fr/notice/joconde/M0525000290	musée de la Princerie	Verdun	85.1.479	['https://pop-perf-assets.s3.gra.io.cloud.ovh.net/joconde/M0525000290/019584.jpg', 'https://pop-perf-assets.s3.gra.io.cloud.ovh.net/joconde/M0525000290/019585.jpg']
Nan	['Manufacture de Longwy (1798-....)']	['1796 après']	plat rond à décor polychrome sur fond blanc. Une rosette verte et rouge au centre d'une couronne bleu foncé figure au centre. Des branches de fleurs rouges et bleues à feuilles vertes entourent le cercle dans un mouvement tournoyant. Une frise qui reproduit le décor de la couronne du centre borde le plat. Emaux cloisonnés sur décor imprimé dans le biscuit	['terre cuite', 'faïence (décor de petit feu)']	https://pop.culture.gouv.fr/notice/joconde/M0525000292	musée de la Princerie	Verdun	85.1.194 	['https://pop-perf-assets.s3.gra.io.cloud.ovh.net/joconde/M0525000292/019539.jpg', 'https://pop-perf-assets.s3.gra.io.cloud.ovh.net/joconde/M0525000292/019540.jpg']
Nan	['Manufacture de Longwy (1798-....)']	['1866-1977']	assiette creuse à décor polychrome sur fond bleu, dans la veine japonisante. Un motif blanc et rouge de comète, ornée d'une branche de fleurettes fines, figure au centre. Un semis de fleurettes rouges, blanches, jaunes et vertes recouvre le fond. Une frise de fleurettes vertes et rouges orne le marli, un liseré bleu foncé borde l'assiette. Emaux cloisonnés sur décor imprimé dans le biscuit	['terre cuite', 'faïence (décor de petit feu)']	https://pop.culture.gouv.fr/notice/joconde/M0525000294	musée de la Princerie	Verdun	85.1.192 	['https://pop-perf-assets.s3.gra.io.cloud.ovh.net/joconde/M0525000294/019535.jpg', 'https://pop-perf-assets.s3.gra.io.cloud.ovh.net/joconde/M0525000294/019536.jpg']
