date	description	image_urls	mus_id	num_inventaire	artistMakerPerson	artistMakerOrganisations	technique	lien
ca. 1867	Vase	https://framemark.vam.ac.uk/collections/2008BT2399/full/full/0/default.jpg	O160903	705A-1869	Deck, Joseph-Théodore	[]	['Ceramics', 'Art Pottery']	https://collections.vam.ac.uk/item/O160903/
1878	Plate	https://framemark.vam.ac.uk/collections/2010EL6411/full/full/0/default.jpg	O282160	699-1878	Deck, Joseph-Théodore	[]	['Ceramics', 'Earthenware']	https://collections.vam.ac.uk/item/O282160/
1863	Tile	https://framemark.vam.ac.uk/collections/2018LD0925/full/full/0/default.jpg	O276333	17-1865	Joseph-Théodore Deck	[]	['Ceramics', 'Earthenware']	https://collections.vam.ac.uk/item/O276333/
1865	Dish	https://framemark.vam.ac.uk/collections/2008BT2578/full/full/0/default.jpg	O175503	226-1896	Deck, Joseph-Théodore	[]	['Ceramics', 'Art Pottery']	https://collections.vam.ac.uk/item/O175503/
ca. 1867	Vase	https://framemark.vam.ac.uk/collections/2007BM6527/full/full/0/default.jpg	O122941	705-1869	Deck, Joseph-Théodore	[]	['Ceramics', 'Art Pottery']	https://collections.vam.ac.uk/item/O122941/
ca 1862	Vase	https://framemark.vam.ac.uk/collections/2006AT2420/full/full/0/default.jpg	O84929	18-1865	Deck, Joseph-Théodore	[]	['Ceramics', 'Earthenware', 'Vases']	https://collections.vam.ac.uk/item/O84929/
19th century	Tile	https://framemark.vam.ac.uk/collections/2018KY9150/full/full/0/default.jpg	O282141	C.166-1976	Deck, Joseph-Thèodore	[]	['Ceramics', 'Earthenware']	https://collections.vam.ac.uk/item/O282141/
1889	Dish	https://framemark.vam.ac.uk/collections/2007BM6744/full/full/0/default.jpg	O122993	501-1889	Lachenal, Edmond	[]	[]	https://collections.vam.ac.uk/item/O122993/
ca. 1888	Coffee pot and cover	https://framemark.vam.ac.uk/collections/2008BT0553/full/full/0/default.jpg	O175496	288-1892	[]	Figli di Giuseppe Cantagalli	['Ceramics']	https://collections.vam.ac.uk/item/O175496/
ca. 1892	Jug and cover	https://framemark.vam.ac.uk/collections/2010EC6401/full/full/0/default.jpg	O308219	235&A-1892	Cantagalli, Ulisse	[]	['Ceramics', 'Earthenware']	https://collections.vam.ac.uk/item/O308219/
1892	Bottle	https://framemark.vam.ac.uk/collections/2010EK0251/full/full/0/default.jpg	O332154	275-1892	Cantagalli, Ulisse	[]	['Ceramics', 'Earthenware']	https://collections.vam.ac.uk/item/O332154/
1892	Dish	https://framemark.vam.ac.uk/collections/2010EK0248/full/full/0/default.jpg	O332155	306-1892	Cantagalli, Ulisse	[]	['Ceramics', 'Earthenware']	https://collections.vam.ac.uk/item/O332155/
ca. 1880	Vase	https://framemark.vam.ac.uk/collections/2010ED0471/full/full/0/default.jpg	O150300	862-1905	De Morgan, William Frend	William De Morgan, Chelsea Factory	['Ceramics', 'Art Pottery', 'Earthenware']	https://collections.vam.ac.uk/item/O150300/
ca. 1892	Bowl	https://framemark.vam.ac.uk/collections/2010EC6218/full/full/0/default.jpg	O281915	308-1892	Cantagalli, Ulisse	[]	['Ceramics', 'Earthenware', 'Maiolica']	https://collections.vam.ac.uk/item/O281915/
ca. 1892	Bowl	https://framemark.vam.ac.uk/collections/2010EC4060/full/full/0/default.jpg	O282011	304-1892	Cantagalli, Ulisse	[]	['Ceramics', 'Earthenware', 'Maiolica']	https://collections.vam.ac.uk/item/O282011/
late 19th century	Tile	https://framemark.vam.ac.uk/collections/2007BN6431/full/full/0/default.jpg	O161558	C.144-1917	William De Morgan	William De Morgan - Fulham Factory	['Ceramics', 'Tiles', 'Art Pottery', 'Earthenware']	https://collections.vam.ac.uk/item/O161558/
ca. 1900	Punch bowl	https://framemark.vam.ac.uk/collections/2006AN5608/full/full/0/default.jpg	O77990	C.78-1923	De Morgan, William Frend	William De Morgan, Merton Abbey Factory	['Ceramics', 'Earthenware', 'Tableware & cutlery', 'Drinking']	https://collections.vam.ac.uk/item/O77990/
ca. 1900	Bottle	https://framemark.vam.ac.uk/collections/2006AN8776/full/full/0/default.jpg	O77759	860-1905	De Morgan, William Frend	Sands End Pottery	['Ceramics', 'Earthenware']	https://collections.vam.ac.uk/item/O77759/
1870-1880	Tile	https://framemark.vam.ac.uk/collections/2019LJ5987/full/full/0/default.jpg	O11149	C.220-1976	Morris, William	William De Morgan, Chelsea Factory	['Ceramics', 'Tiles', 'British Galleries']	https://collections.vam.ac.uk/item/O11149/
ca. 1885	Dish	https://framemark.vam.ac.uk/collections/2006AP5347/full/full/0/default.jpg	O150353	C.423-1919	De Morgan, William Frend	William De Morgan, Merton Abbey Factory	['Ceramics', 'Art Pottery', 'Earthenware']	https://collections.vam.ac.uk/item/O150353/
ca. 1880	Vase	https://framemark.vam.ac.uk/collections/2010ED0471/full/full/0/default.jpg	O150300	862-1905	De Morgan, William Frend	William De Morgan, Chelsea Factory	['Ceramics', 'Art Pottery', 'Earthenware']	https://collections.vam.ac.uk/item/O150300/
late 19th century	Drawing	https://framemark.vam.ac.uk/collections/2017JW0811/full/full/0/default.jpg	O1104561	E.1449-1917	De Morgan, William	[]	['Designs', 'Ceramics']	https://collections.vam.ac.uk/item/O1104561/
1898-1907	Plate	https://framemark.vam.ac.uk/collections/2010EC2404/full/full/0/default.jpg	O150352	C.421-1919	De Morgan, William Frend	William De Morgan, Fulham Factory	['Ceramics', 'Art Pottery', 'Earthenware']	https://collections.vam.ac.uk/item/O150352/
late 19th century	Drawing	https://framemark.vam.ac.uk/collections/2017JU7484/full/full/0/default.jpg	O1104615	E.1355-1917	De Morgan, William	[]	['Designs', 'Ceramics']	https://collections.vam.ac.uk/item/O1104615/
ca. 1895	Dish	https://framemark.vam.ac.uk/collections/2010EB4645/full/full/0/default.jpg	O150508	C.105-1971	De Morgan, William Frend	William De Morgan, Fulham Factory	['Ceramics', 'Art Pottery', 'Earthenware']	https://collections.vam.ac.uk/item/O150508/
late 19th century	Drawing	https://framemark.vam.ac.uk/collections/2017JW0795/full/full/0/default.jpg	O1104532	E.1381-1917	De Morgan, William	[]	['Designs', 'Ceramics']	https://collections.vam.ac.uk/item/O1104532/
late 19th century	Drawing	https://framemark.vam.ac.uk/collections/2017JU7479/full/full/0/default.jpg	O1104616	E.1352-1917	De Morgan, William	[]	['Designs', 'Ceramics']	https://collections.vam.ac.uk/item/O1104616/
late 19th century	Drawing	https://framemark.vam.ac.uk/collections/2017JW1757/full/full/0/default.jpg	O1104504	E.1460-1917	De Morgan, William	[]	['Designs', 'Ceramics']	https://collections.vam.ac.uk/item/O1104504/
late 19th century	Drawing	https://framemark.vam.ac.uk/collections/2017JU7469/full/full/0/default.jpg	O1104637	E.1343A-1917	De Morgan, William	[]	['Designs', 'Ceramics']	https://collections.vam.ac.uk/item/O1104637/
1882-1888	Drawing	https://framemark.vam.ac.uk/collections/2017JW7846/full/full/0/default.jpg	O1104628	E.1346-1917	De Morgan, William	[]	['Designs', 'Ceramics']	https://collections.vam.ac.uk/item/O1104628/
late 19th century	Drawing	https://framemark.vam.ac.uk/collections/2017JW3809/full/full/0/default.jpg	O1104581	E.1470-1917	De Morgan, William	[]	['Designs', 'Ceramics']	https://collections.vam.ac.uk/item/O1104581/
late 19th century	Drawing	https://framemark.vam.ac.uk/collections/2017JW0806/full/full/0/default.jpg	O1104554	E.1420-1917	De Morgan, William	[]	['Designs', 'Ceramics']	https://collections.vam.ac.uk/item/O1104554/
late 19th century	Drawing	https://framemark.vam.ac.uk/collections/2017JW0825/full/full/0/default.jpg	O1104553	E.1451-1917	De Morgan, William	[]	['Designs', 'Ceramics']	https://collections.vam.ac.uk/item/O1104553/
late 19th century	Drawing	https://framemark.vam.ac.uk/collections/2017JW3763/full/full/0/default.jpg	O1104595	E.1411-1917	De Morgan, William	[]	['Designs', 'Ceramics']	https://collections.vam.ac.uk/item/O1104595/
late 19th century	Drawing	https://framemark.vam.ac.uk/collections/2017JW0830/full/full/0/default.jpg	O1104537	E.1453-1917	De Morgan, William	[]	['Designs', 'Ceramics']	https://collections.vam.ac.uk/item/O1104537/
late 19th century	Drawing	https://framemark.vam.ac.uk/collections/2017JW0802/full/full/0/default.jpg	O1104534	E.1380-1917	De Morgan, William	[]	['Designs', 'Ceramics']	https://collections.vam.ac.uk/item/O1104534/
late 19th century	Drawing	https://framemark.vam.ac.uk/collections/2017JU7381/full/full/0/default.jpg	O1104611	E.1416-1917	De Morgan, William	[]	['Designs', 'Ceramics']	https://collections.vam.ac.uk/item/O1104611/
late 19th century	Drawing	https://framemark.vam.ac.uk/collections/2017JU7378/full/full/0/default.jpg	O1104647	E.1344-1917	De Morgan, William	[]	['Designs', 'Ceramics']	https://collections.vam.ac.uk/item/O1104647/
late 19th century	Drawing	https://framemark.vam.ac.uk/collections/2017JW1756/full/full/0/default.jpg	O1104518	E.1458-1917	De Morgan, William	[]	['Designs', 'Ceramics']	https://collections.vam.ac.uk/item/O1104518/
late 19th century	Drawing	https://framemark.vam.ac.uk/collections/2017JW0813/full/full/0/default.jpg	O1104531	E.1377-1917	De Morgan, William	[]	['Designs', 'Ceramics']	https://collections.vam.ac.uk/item/O1104531/
late 19th century	Drawing	https://framemark.vam.ac.uk/collections/2017JW1718/full/full/0/default.jpg	O1104505	E.1419-1917	De Morgan, William	[]	['Designs', 'Ceramics']	https://collections.vam.ac.uk/item/O1104505/
late 19th century	Drawing	https://framemark.vam.ac.uk/collections/2017JW0816/full/full/0/default.jpg	O1104555	E.1417-1917	De Morgan, William	[]	['Designs', 'Ceramics']	https://collections.vam.ac.uk/item/O1104555/
late 19th century	Drawing	https://framemark.vam.ac.uk/collections/2017JW0881/full/full/0/default.jpg	O1104548	E.1455-1917	De Morgan, William	[]	['Designs', 'Ceramics']	https://collections.vam.ac.uk/item/O1104548/
late 19th century	Drawing	https://framemark.vam.ac.uk/collections/2017JW0821/full/full/0/default.jpg	O1104536	E.1418-1917	De Morgan, William	[]	['Designs', 'Ceramics']	https://collections.vam.ac.uk/item/O1104536/
late 19th century	Drawing	https://framemark.vam.ac.uk/collections/2017JW0801/full/full/0/default.jpg	O1104550	E.1374-1917	De Morgan, William	[]	['Designs', 'Ceramics']	https://collections.vam.ac.uk/item/O1104550/
late 19th century	Drawing	https://framemark.vam.ac.uk/collections/2017JW0824/full/full/0/default.jpg	O1104540	E.1436-1917	De Morgan, William	[]	['Designs', 'Ceramics']	https://collections.vam.ac.uk/item/O1104540/
late 19th century	Drawing	https://framemark.vam.ac.uk/collections/2017JW0929/full/full/0/default.jpg	O1104535	E.1463-1917	De Morgan, William	[]	['Designs', 'Ceramics']	https://collections.vam.ac.uk/item/O1104535/
late 19th century	Drawing	https://framemark.vam.ac.uk/collections/2017JW0807/full/full/0/default.jpg	O1104549	E.1434-1917	De Morgan, William	[]	['Designs', 'Ceramics']	https://collections.vam.ac.uk/item/O1104549/
late 19th century	Drawing	https://framemark.vam.ac.uk/collections/2017JW0822/full/full/0/default.jpg	O1104541	E.1425-1917	De Morgan, William	[]	['Designs', 'Ceramics']	https://collections.vam.ac.uk/item/O1104541/
late 19th century	Drawing	https://framemark.vam.ac.uk/collections/2017JW0820/full/full/0/default.jpg	O1104529	E.1452-1917	De Morgan, William	[]	['Designs', 'Ceramics']	https://collections.vam.ac.uk/item/O1104529/
late 19th century	Drawing	https://framemark.vam.ac.uk/collections/2017JW0967/full/full/0/default.jpg	O1104533	E.1454-1917	De Morgan, William	[]	['Designs', 'Ceramics']	https://collections.vam.ac.uk/item/O1104533/
late 19th century	Drawing	https://framemark.vam.ac.uk/collections/2017JU7477/full/full/0/default.jpg	O1104636	E.1351-1917	De Morgan, William	[]	['Designs', 'Ceramics']	https://collections.vam.ac.uk/item/O1104636/
late 19th century	Drawing	https://framemark.vam.ac.uk/collections/2017JW3764/full/full/0/default.jpg	O1104585	E.1414-1917	De Morgan, William	[]	['Designs', 'Ceramics']	https://collections.vam.ac.uk/item/O1104585/
late 19th century	Design	https://framemark.vam.ac.uk/collections/2017JV1418/full/full/0/default.jpg	O1104716	E.1127-1917	William De Morgan	[]	['Designs', 'Ceramics']	https://collections.vam.ac.uk/item/O1104716/
late 19th century	Drawing	https://framemark.vam.ac.uk/collections/2017JU7563/full/full/0/default.jpg	O1104622	E.1329-1917	De Morgan, William	[]	['Designs', 'Ceramics']	https://collections.vam.ac.uk/item/O1104622/
19th century	Tile	https://framemark.vam.ac.uk/collections/2015HW3776/full/full/0/default.jpg	O163512	CIRC.123-1933	De Morgan, William Frend	[]	['Ceramics', 'Tiles', 'Art Pottery', 'Earthenware']	https://collections.vam.ac.uk/item/O163512/
late 19th century	Design	https://framemark.vam.ac.uk/collections/2017JV1445/full/full/0/default.jpg	O1104748	E.1128-1917	De Morgan, William Frend	[]	['Designs', 'Ceramics']	https://collections.vam.ac.uk/item/O1104748/
19th century	Tile	https://framemark.vam.ac.uk/collections/2018KV6240/full/full/0/default.jpg	O161602	C.154-1917	De Morgan, William Frend	[]	['Ceramics', 'Tiles', 'Art Pottery', 'Earthenware']	https://collections.vam.ac.uk/item/O161602/
late 19th century	Design	https://framemark.vam.ac.uk/collections/2017JV1430/full/full/0/default.jpg	O1104720	E.1150-1917	De Morgan, William Frend	[]	['Designs', 'Ceramics']	https://collections.vam.ac.uk/item/O1104720/
late 19th century	Design	https://framemark.vam.ac.uk/collections/2017JV1459/full/full/0/default.jpg	O1104722	E.1088-1917	De Morgan, William Frend	[]	['Designs', 'Ceramics']	https://collections.vam.ac.uk/item/O1104722/
late 19th century	Design	https://framemark.vam.ac.uk/collections/2017JV1500/full/full/0/default.jpg	O1104719	E.1288-1917	De Morgan, William Frend	[]	['Designs', 'Ceramics']	https://collections.vam.ac.uk/item/O1104719/
1888-1897	Panel	https://framemark.vam.ac.uk/collections/2019MA0269/full/full/0/default.jpg	O11168	361-1905	De Morgan, William Frend	Sands End Pottery	['British Galleries', 'Ceramics']	https://collections.vam.ac.uk/item/O11168/
late 19th century	Design	https://framemark.vam.ac.uk/collections/2017JV1477/full/full/0/default.jpg	O1104687	E.1295-1917	De Morgan, William Frend	[]	['Designs', 'Ceramics']	https://collections.vam.ac.uk/item/O1104687/
late 19th century	Design	https://framemark.vam.ac.uk/collections/2017JV1444/full/full/0/default.jpg	O1104747	E.1108-1917	De Morgan, William Frend	[]	['Designs', 'Ceramics']	https://collections.vam.ac.uk/item/O1104747/
late 19th century	Design	https://framemark.vam.ac.uk/collections/2017JU1661/full/full/0/default.jpg	O1104824	E.1107-1917	De Morgan, William Frend	[]	['Designs', 'Ceramics']	https://collections.vam.ac.uk/item/O1104824/
late 19th century	Design	https://framemark.vam.ac.uk/collections/2017JV1460/full/full/0/default.jpg	O1104717	E.1092-1917	De Morgan, William Frend	[]	['Designs', 'Ceramics']	https://collections.vam.ac.uk/item/O1104717/
ca. 1870-1907	Design	https://framemark.vam.ac.uk/collections/2017JW1797/full/full/0/default.jpg	O1103941	E.513-1917	William De Morgan	[]	['Designs', 'Tiles', 'Drawings']	https://collections.vam.ac.uk/item/O1103941/
ca.1882	Tile panel	https://framemark.vam.ac.uk/collections/2009CC5081/full/full/0/default.jpg	O233189	362:8-1905	De Morgan, William	[]	['Ceramics', 'Tiles', 'Art Pottery']	https://collections.vam.ac.uk/item/O233189/
1876	Tile panel	https://framemark.vam.ac.uk/collections/2006AN6717/full/full/0/default.jpg	O8046	C.36-1972	Morris, William	Architectural Pottery Co.	['Ceramics', 'Art Pottery']	https://collections.vam.ac.uk/item/O8046/
Late 19th century	Drawing	https://framemark.vam.ac.uk/collections/2016JE1731/full/full/0/default.jpg	O1103825	E.1511-1917	William de Morgan	[]	['Designs', 'Ceramics', 'Tiles']	https://collections.vam.ac.uk/item/O1103825/
1872-1888	Design	https://framemark.vam.ac.uk/collections/2017JV9904/full/full/0/default.jpg	O1104364	E.694-1917	William De Morgan	[]	['Designs', 'Drawings', 'Tiles', 'Ceramics', 'Animals and Wildlife']	https://collections.vam.ac.uk/item/O1104364/
1872-1882	Design	https://framemark.vam.ac.uk/collections/2017JV7863/full/full/0/default.jpg	O1104259	E.805-1917	William De Morgan	[]	['Designs', 'Drawings', 'Tiles', 'Ceramics']	https://collections.vam.ac.uk/item/O1104259/
1872-1882	Design	https://framemark.vam.ac.uk/collections/2017JV6397/full/full/0/default.jpg	O1104248	E.799-1917	William De Morgan	[]	['Designs', 'Drawings', 'Tiles', 'Ceramics']	https://collections.vam.ac.uk/item/O1104248/
1872-1882	Design	https://framemark.vam.ac.uk/collections/2017JW0913/full/full/0/default.jpg	O1104246	E.773-1917	William De Morgan	[]	['Designs', 'Drawings', 'Tiles', 'Ceramics']	https://collections.vam.ac.uk/item/O1104246/
1872-1898	Design	https://framemark.vam.ac.uk/collections/2017JV6422/full/full/0/default.jpg	O1104235	E.719-1917	William De Morgan	[]	['Designs', 'Drawings', 'Tiles', 'Ceramics']	https://collections.vam.ac.uk/item/O1104235/
1839 - 1917	Drawing	https://framemark.vam.ac.uk/collections/2010EM4881/full/full/0/default.jpg	O1103790	E.422-1917	William de Morgan	[]	['Designs', 'Ceramics', 'Tiles', 'Drawings']	https://collections.vam.ac.uk/item/O1103790/
1872-1888	Design	https://framemark.vam.ac.uk/collections/2006AN6750/full/full/0/default.jpg	O1104370	E.699-1917	William De Morgan	[]	['Designs', 'Drawings', 'Tiles', 'Ceramics', 'Animals and Wildlife']	https://collections.vam.ac.uk/item/O1104370/
1839 - 1917	Drawing	https://framemark.vam.ac.uk/collections/2017JW3843/full/full/0/default.jpg	O1103765	E.465-1917	De Morgan, William Frend	[]	['Drawings', 'Ceramics', 'Tiles', 'Designs', 'Watercolours']	https://collections.vam.ac.uk/item/O1103765/
1888-1898	Vase	https://framemark.vam.ac.uk/collections/2010CX1492/full/full/0/default.jpg	O151502	C.268-1915	[]	William De Morgan, Fulham Factory	['Ceramics', 'Art Pottery', 'Earthenware']	https://collections.vam.ac.uk/item/O151502/
1888-1898	Vase	https://framemark.vam.ac.uk/collections/2010CT5185/full/full/0/default.jpg	O5822	C.80-1923	Passenger, Fred	William De Morgan, Fulham Factory	['Earthenware', 'Vases', 'Ceramics']	https://collections.vam.ac.uk/item/O5822/
1882-1907	Design	https://framemark.vam.ac.uk/collections/2010EM4878/full/full/0/default.jpg	O1103798	E.431-1917	William De Morgan	[]	['Tiles', 'Ceramics', 'Designs', 'Drawings']	https://collections.vam.ac.uk/item/O1103798/
ca.1882	Tile set	https://framemark.vam.ac.uk/collections/2008BR8870/full/full/0/default.jpg	O81983	CIRC.35-1970	De Morgan, William Frend	[]	['Art Pottery', 'Ceramics']	https://collections.vam.ac.uk/item/O81983/
17/11/1881	Design	https://framemark.vam.ac.uk/collections/2017JV1425/full/full/0/default.jpg	O1104760	E.1184-1917	De Morgan, William Frend	[]	['Designs', 'Ceramics']	https://collections.vam.ac.uk/item/O1104760/
c. 1859-1917	Drawing	https://framemark.vam.ac.uk/collections/2017JW3775/full/full/0/default.jpg	O832943	E.1540-1917	William De Morgan	[]	['Drawings', 'Ceramics', 'Tiles', 'Designs', 'Watercolours']	https://collections.vam.ac.uk/item/O832943/
1872-1907	Drawing	https://framemark.vam.ac.uk/collections/2006BB4837/full/full/0/default.jpg	O1103836	E.421-1917	De Morgan, William Frend		['Designs', 'Drawings', 'Tiles', 'Animals and Wildlife']	https://collections.vam.ac.uk/item/O1103836/
c. 1859-1917	Drawing	https://framemark.vam.ac.uk/collections/2017JW1887/full/full/0/default.jpg	O832953	E.462-1917	William De Morgan	[]	['Drawings', 'Ceramics', 'Tiles', 'Designs', 'Watercolours']	https://collections.vam.ac.uk/item/O832953/
late 19th century	Design	https://framemark.vam.ac.uk/collections/2017JV1441/full/full/0/default.jpg	O1104756	E.1158-1917	De Morgan, William Frend	[]	['Designs', 'Ceramics']	https://collections.vam.ac.uk/item/O1104756/
1898	Tile	https://framemark.vam.ac.uk/collections/2007BN3379/full/full/0/default.jpg	O161596	C.152-1917	De Morgan, William Frend	[]	['Ceramics', 'Tiles', 'Art Pottery', 'Earthenware']	https://collections.vam.ac.uk/item/O161596/
19th century	Tile	https://framemark.vam.ac.uk/collections/2010EH9716/full/full/0/default.jpg	O161599	C.153-1917	De Morgan, William Frend	[]	['Ceramics', 'Tiles', 'Art Pottery']	https://collections.vam.ac.uk/item/O161599/
late 19th century	Drawing	https://framemark.vam.ac.uk/collections/2006BF5494/full/full/0/default.jpg	O1108848	E.1415-1917	De Morgan, William Frend	[]	['Designs']	https://collections.vam.ac.uk/item/O1108848/
ca. 1885	Tile	https://framemark.vam.ac.uk/collections/2007BN4047/full/full/0/default.jpg	O161356	C.11-1971	De Morgan, William Frend	[]	['Ceramics', 'Tiles', 'Art Pottery', 'Earthenware']	https://collections.vam.ac.uk/item/O161356/
c.1890	Vase	https://framemark.vam.ac.uk/collections/2022NH0066/full/full/0/default.jpg	O1460004	C.239-2018	William De Morgan	[]	['Ceramics', 'Art Pottery']	https://collections.vam.ac.uk/item/O1460004/
1882-1888	Tile	https://framemark.vam.ac.uk/collections/2018LE3929/full/full/0/default.jpg	O1460016	C.251-2018	William De Morgan	[]	['Ceramics', 'Art Pottery']	https://collections.vam.ac.uk/item/O1460016/
1898-1907	Tile	https://framemark.vam.ac.uk/collections/2007BN3348/full/full/0/default.jpg	O161604	C.155-1917	De Morgan, William Frend	[]	['Ceramics', 'Tiles', 'Art Pottery', 'Earthenware']	https://collections.vam.ac.uk/item/O161604/
1898	Tile	https://framemark.vam.ac.uk/collections/2018LF0954/full/full/0/default.jpg	O1460017	C.252-2018	William De Morgan	[]	['Ceramics', 'Art Pottery']	https://collections.vam.ac.uk/item/O1460017/
1888-1897	Vase	https://framemark.vam.ac.uk/collections/2019LY6635/full/full/0/default.jpg	O1460010	C.245-2018	William De Morgan	[]	['Ceramics', 'Art Pottery']	https://collections.vam.ac.uk/item/O1460010/
1888-1897	Vase	https://framemark.vam.ac.uk/collections/2019LY6603/full/full/0/default.jpg	O1460011	C.246-2018	William De Morgan	[]	['Art Pottery', 'Ceramics', 'Woman Artist']	https://collections.vam.ac.uk/item/O1460011/
1888-1897	Vase	https://framemark.vam.ac.uk/collections/2019LY6601/full/full/0/default.jpg	O1460008	C.243-2018	William De Morgan	[]	['Ceramics', 'Art Pottery']	https://collections.vam.ac.uk/item/O1460008/
1872-1882	Tile	https://framemark.vam.ac.uk/collections/2010EH9727/full/full/0/default.jpg	O161549	C.142-1917	De Morgan, William Frend	[]	['Ceramics', 'Tiles', 'Art Pottery']	https://collections.vam.ac.uk/item/O161549/
1881-1904	Vase	https://framemark.vam.ac.uk/collections/2022NH0096/full/full/0/default.jpg	O1460003	C.238-2018	William De Morgan	[]	['Ceramics', 'Art Pottery']	https://collections.vam.ac.uk/item/O1460003/
19th century	Tile panel	https://framemark.vam.ac.uk/collections/2010EH9728/full/full/0/default.jpg	O161605	C.156&A-1917	De Morgan, William Frend	[]	['Ceramics', 'Tiles', 'Art Pottery']	https://collections.vam.ac.uk/item/O161605/
ca. 1885	Tile	https://framemark.vam.ac.uk/collections/2010EB6903/full/full/0/default.jpg	O281433	C.11A-1971	De Morgan, William Frend	[]	['Ceramics', 'Tiles', 'Art Pottery', 'Earthenware']	https://collections.vam.ac.uk/item/O281433/
1888-1897	Vase	https://framemark.vam.ac.uk/collections/2019LY6535/full/full/0/default.jpg	O1460005	C.240-2018	William De Morgan	[]	['Ceramics', 'Art Pottery']	https://collections.vam.ac.uk/item/O1460005/
late 19th century	Tile panel	https://framemark.vam.ac.uk/collections/2010EB6909/full/full/0/default.jpg	O281830	360-1905	[]	William De Morgan, Merton Abbey Factory	['Ceramics', 'Earthenware']	https://collections.vam.ac.uk/item/O281830/
19th Century	Tile	https://framemark.vam.ac.uk/collections/2015HX0184/full/full/0/default.jpg	O280651	CER.LOST.190	[]	[]	['Ceramics', 'Tiles']	https://collections.vam.ac.uk/item/O280651/
1889	Dish	https://framemark.vam.ac.uk/collections/2007BM6744/full/full/0/default.jpg	O122993	501-1889	Lachenal, Edmond	[]	[]	https://collections.vam.ac.uk/item/O122993/
ca. 1889	Dish	https://framemark.vam.ac.uk/collections/2008BT0409/full/full/0/default.jpg	O340222	500-1889	Lachenal, Edmond	[]	['Ceramics', 'Earthenware']	https://collections.vam.ac.uk/item/O340222/
ca. 1878	Vase	https://framemark.vam.ac.uk/collections/2007BM6517/full/full/0/default.jpg	O227848	676-1878	Milet, Optat	[]	['Ceramics']	https://collections.vam.ac.uk/item/O227848/
ca. 1878	Vase	https://framemark.vam.ac.uk/collections/2010EC6328/full/full/0/default.jpg	O345295	675-1878	Milet, Optat	[]	['Ceramics', 'Earthenware']	https://collections.vam.ac.uk/item/O345295/
ca. 1862	Bottle vase	https://framemark.vam.ac.uk/collections/2006AN0751/full/full/0/default.jpg	O77737	8098-1863	[]	Minton	['Ceramics', 'Bone China', 'Vases']	https://collections.vam.ac.uk/item/O77737/
1862	Plateau	https://framemark.vam.ac.uk/collections/2006AM5291/full/full/0/default.jpg	O11143	8100-1863	[]	Minton	['British Galleries', 'Caricatures & Cartoons']	https://collections.vam.ac.uk/item/O11143/
ca. 1875	Tile	https://framemark.vam.ac.uk/collections/2006AM5817/full/full/0/default.jpg	O77879	C.202-1976	[]	Minton, Hollins & Co.	['Tiles', 'Ceramics', 'Earthenware']	https://collections.vam.ac.uk/item/O77879/
ca. 1890	Tile	https://framemark.vam.ac.uk/collections/2007BN6337/full/full/0/default.jpg	O278080	C.238-1976	[]	Minton, Hollins & Co.	['Ceramics', 'Earthenware']	https://collections.vam.ac.uk/item/O278080/
ca. 1862	Bottle vase and cover	https://framemark.vam.ac.uk/collections/2006AM5296/full/full/0/default.jpg	O11140	7896&A-1863	[]	Minton	['Ceramics', 'Porcelain']	https://collections.vam.ac.uk/item/O11140/
19th century	Tempera	https://framemark.vam.ac.uk/collections/2007BN6095/full/full/0/default.jpg	O1093402	58-1893	Parvillée, Léon	[]	['Islam', 'Ceramics', 'Architectural fittings']	https://collections.vam.ac.uk/item/O1093402/
ca. 1870	Dish	https://framemark.vam.ac.uk/collections/2006AW2140/full/full/0/default.jpg	O122992	C.18 to A-1981	Parvillée, Léon	[]	[]	https://collections.vam.ac.uk/item/O122992/
1889	Fountain and basin	https://framemark.vam.ac.uk/collections/2010EA2841/full/full/0/default.jpg	O100715	48&A-1890	[]	Samson & Cie	[]	https://collections.vam.ac.uk/item/O100715/
ca. 1870-90	Inkwell	https://framemark.vam.ac.uk/collections/2016JA8067/full/full/0/default.jpg	O1318883	C.55:1 to 3-2015	[]	Samson & Cie.	['Ceramics', 'Earthenware', 'Household objects']	https://collections.vam.ac.uk/item/O1318883/
ca. 1870-90	Bottle	https://framemark.vam.ac.uk/collections/2016JA8076/full/full/0/default.jpg	O1318882	C.54-2015	[]	Samson & Cie.	['Ceramics', 'Earthenware', 'Household objects']	https://collections.vam.ac.uk/item/O1318882/
1850-1900, possibly	Coffee pot	https://framemark.vam.ac.uk/collections/2010CX1716/full/full/0/default.jpg	O297418	C.174&A-1928	[]	Samson & Cie	['Ceramics']	https://collections.vam.ac.uk/item/O297418/
19th century	Plate	https://framemark.vam.ac.uk/collections/2019LL7321/full/full/0/default.jpg	O282245	710-1878	zsolnay	zsolnay factory	['Ceramics', 'Earthenware']	https://collections.vam.ac.uk/item/O282245/
ca. 1878	Dish	https://framemark.vam.ac.uk/collections/2007BM6749/full/full/0/default.jpg	O228510	711-1878	[]	Zsolnay Ceramic Works	['Ceramics', 'Earthenware']	https://collections.vam.ac.uk/item/O228510/
1883-5	Vase	https://framemark.vam.ac.uk/collections/2023NJ2130/full/full/0/default.jpg	O1505311	C.36-2019	[]	Zsolnay Ceramic Works	[]	https://collections.vam.ac.uk/item/O1505311/
19th century	Dish	https://framemark.vam.ac.uk/collections/2019LL7322/full/full/0/default.jpg	O344829	700-1878	zsolnay	[]	['Food vessels and tableware']	https://collections.vam.ac.uk/item/O344829/
ca. 1900	Tile panel	https://framemark.vam.ac.uk/collections/2010ED0361/full/full/0/default.jpg	O256246	516 to C-1902	[]	M. van Straaten & Co.	['Ceramics', 'Earthenware']	https://collections.vam.ac.uk/item/O256246/
ca. 1875	Tile	https://framemark.vam.ac.uk/collections/2006AM5817/full/full/0/default.jpg	O77879	C.202-1976	[]	Minton, Hollins & Co.	['Tiles', 'Ceramics', 'Earthenware']	https://collections.vam.ac.uk/item/O77879/
ca. 1862	Bottle vase	https://framemark.vam.ac.uk/collections/2006AN0751/full/full/0/default.jpg	O77737	8098-1863	[]	Minton	['Ceramics', 'Bone China', 'Vases']	https://collections.vam.ac.uk/item/O77737/
1862	Plateau	https://framemark.vam.ac.uk/collections/2006AM5291/full/full/0/default.jpg	O11143	8100-1863	[]	Minton	['British Galleries', 'Caricatures & Cartoons']	https://collections.vam.ac.uk/item/O11143/
ca. 1870-90	Inkwell	https://framemark.vam.ac.uk/collections/2016JA8067/full/full/0/default.jpg	O1318883	C.55:1 to 3-2015	[]	Samson & Cie.	['Ceramics', 'Earthenware', 'Household objects']	https://collections.vam.ac.uk/item/O1318883/
1870	Tile	https://framemark.vam.ac.uk/collections/2007BN3409/full/full/0/default.jpg	O277692	C.241-1976	[]	Minton	['Ceramics', 'Tiles', 'Art Pottery']	https://collections.vam.ac.uk/item/O277692/
ca. 1870-90	Bottle	https://framemark.vam.ac.uk/collections/2016JA8076/full/full/0/default.jpg	O1318882	C.54-2015	[]	Samson & Cie.	['Ceramics', 'Earthenware', 'Household objects']	https://collections.vam.ac.uk/item/O1318882/
